,词语,次数
0,中国,32
1,经济,29
2,支柱,8
3,小喇叭,1
4,喇叭,1
5,觉得,39
6,没有,154
7,泡沫,32
8,果然,5
9,是,589
10,砖,4
11,家,8
12,企业,9
13,对对,3
14,哈哈,668
15,哈哈哈,477
16,仔,1
17,钟,1
18,支柱产业,3
19,产业,11
20,那,90
21,哦,15
22,豁,1
23,支,1
24, ,516
25,柱,1
26,产,1
27,业,1
28,》​,1
29,看到,13
30,北大,11
31,就,301
32,可以,95
33,画,2
34,过去,5
35,指压,1
36,压榨,3
37,普通,22
38,普通人,16
39,通人,16
40,一辈,9
41,一辈子,8
42,辈子,13
43,只为,1
44,买,113
45,一套,24
46,套房,31
47,他们,34
48,有,208
49,很多,27
50,困难,4
51,需要,21
52,我们,56
53,帮助,1
54,限,7
55,涨,130
56,不限,1
57,跌,47
58,牛,29
59,逼,30
60,恒,6
61,大,69
62,老板,11
63,股份,2
64,了解,7
65,一下,21
66,不,598
67,货币,14
68,崩,13
69,你,287
70,兜,1
71,因为,124
72,手里,3
73,还,185
74,攥,1
75,着,25
76,几十,6
77,十套,1
78,房子,150
79,呢,91
80,能,112
81,绷,1
82,得住,1
83,也,224
84,个人,41
85,人才,12
86,不愧,2
87,重工,2
88,重工业,2
89,工业,7
90,啊,287
91,懂,58
92,原来,14
93,看看,12
94,这,227
95,头人,1
96,被,57
97,喂,1
98,得,59
99,挺,29
100,饱,1
101,日本,17
102,前车,1
103,前车之鉴,1
104,大经,2
105,经济学,4
106,济学,4
107,学院,2
108,学院院长,2
109,院长,3
110,！！！,23
111,既得,4
112,既得利益,3
113,既得利益者,3
114,得利,4
115,利益,8
116,利益者,4
117,》▼,1
118,继续,23
119,涨大,1
120,一百,5
121,一百万,1
122,百万,8
123,万一,4
124,平,7
125,说,114
126,对,40
127,结婚,34
128,不管,7
129,行,15
130,没事,7
131,说完,2
132,句,5
133,话,7
134,回去,6
135,有骨头,1
136,骨头,1
137,吃,29
138,才能,14
139,说出,3
140,这样,28
141,这样的话,1
142,的话,8
143,人头,3
144,人头猪脑,1
145,猪脑,1
146,严打,2
147,严查,1
148,这个,79
149,戴,1
150,着眼,1
151,眼镜,1
152,假话,1
153,人,182
154,并,14
155,良心,3
156,良心话,1
157,吗,171
158,一个,131
159,地位,2
160,不是,130
161,人话,2
162,房价,108
163,还是,115
164,太,78
165,便宜,18
166,不利,1
167,不利于,1
168,利于,1
169,年轻,137
170,年轻人,132
171,奋斗,3
172,老东西,1
173,东西,17
174,多少,39
175,冤,2
176,武举,1
177,老爷,1
178,人肉,3
179,念,4
180,弥陀,2
181,想,70
182,把,57
183,死,47
184,猪,2
185,按,6
186,地上,1
187,锤,2
188,为什么,25
189,什么,153
190,房地,33
191,房地产,33
192,地产,36
193,会,88
194,成为,4
195,看,86
196,脑满肠肥,3
197,漕,2
198,工,3
199,衣食,2
200,所,7
201,系,2
202,属于,7
203,于是,3
204,在,219
205,哪里,22
206,都,490
207,这人,2
208,tm,2
209,咋,16
210,活着,9
211,专门,2
212,骗,2
213,大家,22
214,經,1
215,濟,1
216,吧,162
217,污名,1
218,直接,25
219,挂,2
220,路灯,2
221,好,169
222,快,35
223,去,368
224,呀,44
225,啧啧,4
226,但,21
227,他,43
228,脑子,6
229,脑子里,1
230,里边,3
231,一定,18
232,定有,3
233,爆,10
234,自欺,1
235,自欺欺人,1
236,样,1
237,知道,45
238,这种,20
239,不为,2
240,穷人,13
241,考虑,32
242,房,80
243,给,99
244,再说,6
245,这话,3
246,金融,33
247,论坛,2
248,就是,216
249,一群,9
250,吸血,3
251,吸血鬼,1
252,研究,2
253,怎么,81
254,更好,7
255,这么,53
256,优秀,3
257,身上,8
258,全,23
259,肌肉,1
260,好家伙,26
261,家伙,27
262,脸,4
263,不要,41
264,长,6
265,迟早,4
266,要,141
267,掉,6
268,全世界,8
269,世界,26
270,无产,4
271,无产者,4
272,产者,4
273,联合,5
274,合起,5
275,起来,44
276,仍然,2
277,人民,23
278,负担,5
279,呵,2
280,呸,1
281,配在,1
282,面前,4
283,说话,3
284,么,46
285,整个,4
286,个,109
287,急,12
288,摊牌,1
289,躺平,5
290,滚,2
291,只有,24
292,舞,4
293,铲,1
294,们,17
295,顶,6
296,制造,1
297,制造业,1
298,这位,1
299,师爷,2
300,装糊涂,5
301,糊涂,5
302,高手,4
303,屁股,1
304,不正,1
305,请,8
306,送,4
307,两天,4
308,天外,1
309,外卖,2
310,人居,2
311,居然,10
312,大院,1
313,自己,58
314,开发,19
315,带,19
316,恶,2
317,赚,44
318,信心,4
319,相信,7
320,子会,2
321,涨价,14
322,然后,22
323,甘愿,1
324,击鼓,41
325,传,50
326,花,58
327,该,13
328,折,23
329,she,1
330,印纸,1
331,钱,119
332,庞氏,62
333,骗局,51
334,公务,8
335,公务员,8
336,A,36
337,国家,33
338,分,8
339,现在,161
340,老年,18
341,老年人,15
342,等,30
343,老,36
344,定要,7
345,加倍,2
346,卖,28
347,人工,5
348,理解,6
349,为,13
350,交换,5
351,劳动,9
352,劳动力,2
353,动力,2
354,背后,5
355,大手,1
356,偷偷,2
357,60,5
358,装进,1
359,兜里,1
360,真,29
361,没,178
362,那么,46
363,简单,14
364,每次,4
365,时候,45
366,印钞机,3
367,开,18
368,除非,6
369,打工,20
370,工人,7
371,卷,18
372,王,5
373,指望,2
374,彩票,1
375,买房,105
376,所有,12
377,离谱,13
378,外来,2
379,还贷,6
380,贷款,55
381,所以,87
382,一,22
383,最后,36
384,那个,12
385,崩溃,3
386,生育,22
387,生育率,9
388,断崖,1
389,未来,67
390,哪,40
391,来,81
392,资本,13
393,本利,1
394,利得,1
395,当,15
396,期,3
397,尝试,1
398,获得,4
399,匹配,2
400,恶魔,1
401,后面,10
402,面会,2
403,会来,1
404,来临,1
405,挣得,2
406,远期,1
407,折现,15
408,超,15
409,发,33
410,呗,19
411,发展,24
412,下线,2
413,讲,19
414,很,97
415,明白,16
416,打算,2
417,自我,2
418,消化,1
419,为了,29
420,住,34
421,起,31
422,购买,4
423,购买力,2
424,递减,3
425,算,14
426,上,41
427,泡沫经济,2
428,开始,26
429,收入,16
430,别人,18
431,亏,12
432,那种,8
433,道理,10
434,囚徒,1
435,困境,1
436,发型,1
437,像,15
438,大师,2
439,一二,2
440,二线,9
441,城市,102
442,缺人,2
443,问题,75
444,在于,1
445,根本,25
446,价值,18
447,生成,1
448,人口,44
449,人口减少,3
450,减少,10
451,唯一,11
452,变数,1
453,纽,1
454,币,11
455,卷起,8
456,不错,13
457,银行,76
458,才,72
459,赢家,4
460,通胀,10
461,要素,1
462,精辟,4
463,将,7
464,交易,8
465,改为,2
466,时间,115
467,工资,41
468,所有人,1
469,有人,38
470,以,6
471,结算,1
472,存储,1
473,每个,16
474,全新,1
475,愿赌服输,3
476,服输,3
477,大佬,8
478,一语中的,1
479,当代,2
480,无,6
481,买房人,1
482,后,24
483,几十年,3
484,十年,22
485,房贷,33
486,万物,25
487,基于,16
488,传销,51
489,收,5
490,房租,4
491,利息,7
492,现代,5
493,新型,1
494,地主,6
495,大部,10
496,大部分,10
497,部分,19
498,银行利息,1
499,和,106
500,交,2
501,税,4
502,悟,5
503,人生,26
504,更多,7
505,工作,45
506,发现,14
507,恍然,3
508,恍然大悟,3
509,大悟,3
510,谢谢,14
511,谢谢您,3
512,妙,8
513,6,28
514,钱包,2
515,崩盘,7
516,希望,4
517,硬着陆,1
518,着陆,1
519,白,14
520,20,17
521,万,45
522,已经,68
523,八个,1
524,上涨,13
525,空间,3
526,其实,22
527,老师,27
528,还有,51
529,避而不谈,1
530,x,1
531,凭,7
532,亲爱,1
533,祖国,2
534,率,3
535,高,38
536,C4,1
537,。。。,40
538,资金,9
539,俺,3
540,一样,39
541,上面,2
542,面交,1
543,交税,4
544,为啥,8
545,开放,12
546,三胎,17
547,原因,18
548,鹤岗,14
549,住房,5
550,地方,29
551,挣钱,11
552,难,23
553,挣,10
554,郁金,2
555,郁金香,2
556,但是,28
557,沿海,1
558,沿海地区,1
559,海地,1
560,地区,6
561,持续,4
562,不断,6
563,连,26
564,清人,1
565,涌入,1
566,08,6
567,刚,38
568,毕业,6
569,搞,31
570,学到,3
571,～,6
572,政治,1
573,政治经济,1
574,政治经济学,1
575,应用,3
576,用到,2
577,如今,1
578,依旧,3
579,实用,1
580,不够,39
581,来年,4
582,命,6
583,你们,21
584,以为,23
585,指,4
586,30,16
587,年,64
588,翻倍,6
589,梁,1
590,建章,1
591,勿,1
592,cue,1
593,八号,1
594,当铺,1
595,租,8
596,它,7
597,m2,2
598,偷走,2
599,怪不得,10
600,不得,18
601,鼓励,12
602,不动,14
603,大四,1
604,学,8
605,dcf,2
606,模型,4
607,折叠,4
608,北京,24
609,说得对,5
610,双向,1
611,催,10
612,账,2
613,催命,1
614,人大,3
615,大概,5
616,概率,2
617,不会,47
618,辞职,1
619,真正,13
620,金钱,5
621,挤压,1
622,其他,21
623,行业,11
624,现金,19
625,现金流,8
626,金流,8
627,生,166
628,消费,28
629,何时,2
630,何时休,1
631,游戏,40
632,交易平台,1
633,平台,1
634,控制,3
635,物品,2
636,市场,18
637,市场价,2
638,超过,4
639,让,69
640,承担,3
641,承担风险,2
642,担风险,2
643,风险,13
644,损失,3
645,北上,22
646,广,20
647,只,33
648,别,50
649,阿,4
650,对了,6
651,三,23
652,连了,1
653,皆,7
654,可传,4
655,大城,27
656,大城市,26
657,小,20
658,没人,28
659,跟,49
660,诈骗,2
661,差不多,15
662,不多,19
663,啊哈,7
664,使劲,8
665,a,17
666,3,29
667,有没有,6
668,实话,4
669,外快,1
670,运行,2
671,炒,24
672,退休,10
673,多米,1
674,多米诺,1
675,多米诺骨牌,1
676,骨牌,1
677,永不,1
678,不过,17
679,过时,5
680,老哥,6
681,敢,12
682,精彩,3
683,敢于,1
684,直言,1
685,更,56
686,旧,1
687,至少,7
688,批,7
689,拿走,6
690,两头,1
691,压迫,1
692,卖出,5
693,那部,1
694,再,38
695,后者,2
696,提回,1
697,财务,2
698,up,25
699,主,23
700,解释,5
701,通透,1
702,出,8
703,当地,2
704,人员,3
705,谢,2
706,邀,1
707,年金,1
708,现值,2
709,警告,4
710,庞,1
711,活来,1
712,行将,1
713,最大,9
714,大赢家,1
715,赞,11
716,\(≧▽≦)/,1
717,B,18
718,站,16
719,听到,4
720,家乡,10
721,这部,2
722,嘛,25
723,0,7
724,.,85
725,75,3
726,倍,12
727,，，,3
728,套牢,2
729,透彻,5
730,致富,1
731,趁早,1
732,机遇,2
733,抓住,1
734,反噬,1
735,玩,48
736,蹦,2
737,怎么办,15
738,10,30
739,哟,3
740,年后,8
741,见分晓,1
742,分晓,1
743,当年,8
744,不再,2
745,多,130
746,美国,38
747,国一,1
748,转移,6
749,杀,19
750,富,1
751,呜呼,1
752,呼起,1
753,起飞,1
754,真是,13
755,躁,2
756,如果,15
757,爆炸,6
758,个例,3
759,例子,3
760,富人,4
761,升值,2
762,财产,2
763,而,21
764,增加,4
765,拿,14
766,干活,2
767,需求,3
768,还够,2
769,还够用,2
770,够用,6
771,抢,10
772,大战,1
773,直接原因,1
774,思路,4
775,醍醐,5
776,醍醐灌顶,5
777,灌顶,6
778,供应,2
779,供应量,1
780,有限,2
781,疫情,38
782,期间,2
783,想出,5
784,出国,2
785,落,2
786,袋,1
787,安,3
788,不能,32
789,建造,1
790,赚疯了,2
791,旁,9
792,氏,9
793,积累,4
794,矛盾,3
795,14,4
796,亿,14
797,！？？！？！,1
798,国内,4
799,国外,8
800,凑,2
801,不想,44
802,参与,2
803,收割,3
804,扎,2
805,心,3
806,。。,29
807,付,9
808,两个,16
809,后浪,3
810,成长,1
811,手册,1
812,危机,13
813,爆发,1
814,陷阱,3
815,断子绝孙,6
816,之路,1
817,彻底,3
818,扛不住,2
819,不住,24
820,之前,13
821,库存,2
822,清掉,1
823,哈哈哈哈,321
824,嗝,2
825,三四,11
826,四线,8
827,角度,5
828,太好了,14
829,一直,20
830,没变,1
831,ABC,1
832,无限,5
833,套,15
834,娃,21
835,反复,3
836,复交,1
837,老家,55
838,一般,5
839,考,18
840,不下,4
841,下去,14
842,出生,8
843,出生率,5
844,破,11
845,千万,8
846,针,5
847,戳,2
848,niuniuniu,1
849,没底,1
850,原来如此,2
851,如此,6
852,放假,3
853,不涨,10
854,无法,6
855,破产,9
856,任,1
857,泽,1
858,近,1
859,之后,12
860,高呼,1
861,孩子,81
862,清晰,1
863,死循环,2
864,循环,6
865,当然,15
866,………,1
867,坚决,3
868,决不,3
869,二手,5
870,二手房,4
871,成本,20
872,始于,1
873,！！！！,1
874,首先,2
875,先要,2
876,有钱,34
877,是因为,27
878,高尚,1
879,租房,13
880,租房子,3
881,抛,2
882,不出,6
883,出去,8
884,不关,4
885,开发商,14
886,事,26
887,推,3
888,高楼,1
889,楼价,2
890,差价,2
891,另,6
892,方式,4
893,掠夺,1
894,平民,1
895,而已,17
896,御,1
897,民,1
898,之,14
899,术,1
900,人们,3
901,赌,7
902,甚至,3
903,一两,3
904,两代,1
905,代人,3
906,张,13
907,宇,11
908,来讲,1
909,财经,2
910,用,49
911,换,8
912,后路,2
913,堵死,1
914,留,4
915,适当,1
916,孔隙,1
917,高速,1
918,透支,10
919,折磨,2
920,打死,2
921,背,6
922,战争,11
923,转嫁,2
924,永远,20
925,神,8
926,深圳,12
927,新人,1
928,人类,7
929,发明,3
930,用来,6
931,度量,1
932,生命,5
933,工具,5
934,实际,11
935,比,39
936,公寓,2
937,月,28
938,供,3
939,全款,19
940,几乎,1
941,贬值,5
942,估计,11
943,增值,2
944,国能,1
945,房产,15
946,房产税,9
947,要能,3
948,能力,6
949,资源,12
950,行动,2
951,靠,19
952,提升,10
953,创新,3
954,有利,2
955,模式,10
956,一旦,1
957,进入,2
958,获利,2
959,只能,16
960,坑,9
961,其他人,2
962,他人,4
963,破裂,2
964,掌声,1
965,笑,25
966,不语,2
967,够,20
968,耶,17
969,开动,1
970,完,24
971,局方,1
972,方法,3
973,少,41
974,坚持,1
975,目的,8
976,达到,1
977,羊,4
978,健康,2
979,早,18
980,到,41
981,100,20
982,杠杆,24
983,结论,5
984,怕,13
985,砖头,1
986,量子,2
987,子花,1
988,花钱,12
989,一种,5
990,可能,33
991,若干,1
992,若干年,1
993,一无所有,2
994,无所,11
995,资产,12
996,太多,19
997,单独,1
998,独到,1
999,1,46
1000,真敢,3
1001,预期,2
1002,干电池,1
1003,电池,2
1004,彳亍,1
1005,拆迁,5
1006,卖地,5
1007,起源,1
1008,本质,9
1009,快乐,6
1010,建立,2
1011,痛苦,2
1012,之上,1
1013,语速,4
1014,小钱,1
1015,听不懂,16
1016,四,3
1017,字,6
1018,成语,1
1019,提供,1
1020,新,19
1021,单位,4
1022,本本,1
1023,本来,11
1024,否定,1
1025,倒手,1
1026,早就,3
1027,嗯,5
1028,养老,3
1029,养老保险,1
1030,保险,3
1031,医保,2
1032,建,9
1033,我村,1
1034,村子,1
1035,别墅,4
1036,是不是,14
1037,债务,1
1038,趋势,4
1039,以后,26
1040,股市,11
1041,实体,5
1042,脱钩,1
1043,没电,1
1044,毁灭,2
1045,蚂蚁,3
1046,金,2
1047,服,3
1048,换钱,1
1049,MAC,1
1050,放,3
1051,录音,1
1052,巴黎,2
1053,瑞士,1
1054,不如,13
1055,得到,8
1056,自由,9
1057,只是,25
1058,95,1
1059,决定,3
1060,请问,3
1061,代价,3
1062,？？,15
1063,印出,1
1064,印出来,1
1065,出来,21
1066,负债,2
1067,可怕,5
1068,提前,3
1069,绑定,2
1070,应付,2
1071,突发,1
1072,发情,1
1073,情况,8
1074,空对空,1
1075,玩家,3
1076,父子,2
1077,子贷,3
1078,孙子,2
1079,最终,13
1080,伤害,4
1081,需,21
1082,下一代,3
1083,一代,4
1084,实现,2
1085,百,1
1086,因,2
1087,必,4
1088,果,2
1089,还以,5
1090,钠盐,2
1091,净流入,1
1092,流入,7
1093,疯涨,3
1094,流出,5
1095,反,1
1096,买不起,37
1097,努力,5
1098,投胎,1
1099,投,4
1100,卧槽,9
1101,不靠,2
1102,又,62
1103,万亿,4
1104,大放,3
1105,放水,7
1106,国,1
1107,大坑,2
1108,相当,2
1109,相当于,2
1110,当于,2
1111,中介,3
1112,服务,9
1113,机构,27
1114,考研,6
1115,数学,1
1116,岩,3
1117,同,4
1118,款,3
1119,毛衣,5
1120,贩卖,2
1121,焦虑,8
1122,不行,25
1123,严重,4
1124,一线,30
1125,会升,1
1126,还好,12
1127,我家,13
1128,青春,5
1129,？？？,17
1130,融化,1
1131,脱手,1
1132,一堆,6
1133,样子,3
1134,金融危机,5
1135,机要,1
1136,要来,4
1137,变,19
1138,老一辈,1
1139,工厂,1
1140,会分,1
1141,分房,2
1142,颗,1
1143,韭菜,5
1144,到时候,1
1145,高兴,3
1146,总会,1
1147,真的,54
1148,降,16
1149,引进,1
1150,高端,2
1151,想要,9
1152,换新,1
1153,新车,1
1154,下降,15
1155,玩完,2
1156,点,23
1157,这些,22
1158,老美,3
1159,过,34
1160,终是,1
1161,资本家,4
1162,本家,4
1163,赚到,2
1164,一下子,1
1165,下子,1
1166,电影,5
1167,规划,3
1168,规划局,3
1169,意思,34
1170,大哥,7
1171,原谅,1
1172,眼角,1
1173,太美,3
1174,天下,4
1175,治乱,1
1176,不在,3
1177,姓,2
1178,兴亡,1
1179,万民,1
1180,忧,1
1181,乐,1
1182,别说,7
1183,红利,2
1184,相比,3
1185,一文,1
1186,一文不值,1
1187,不值,2
1188,诶,4
1189,过分,4
1190,一言,4
1191,一言以蔽,2
1192,一言以蔽之,2
1193,周瑜,1
1194,周瑜打黄盖,1
1195,啥,69
1196,关系,33
1197,恭喜,8
1198,加入,7
1199,(,5
1200,doge,5
1201,),5
1202,旅游,1
1203,闭环,2
1204,不了,38
1205,跳出,1
1206,从,28
1207,往下,1
1208,成,9
1209,叫,23
1210,空想,1
1211,主义,1
1212,基础,6
1213,逻辑,5
1214,不对,5
1215,即,2
1216,本身,5
1217,增长,10
1218,并不多,1
1219,并不一定,1
1220,不一,15
1221,ok,1
1222,家庭,11
1223,小孩,9
1224,身不由己,1
1225,不由,1
1226,己,1
1227,做,100
1228,不用,20
1229,上班,24
1230,从来,18
1231,从来不,7
1232,借钱,5
1233,抢到,1
1234,青岛,5
1235,5600,1
1236,基础设施,1
1237,设施,2
1238,型,3
1239,越来,20
1240,越来越,19
1241,比如,3
1242,如一,1
1243,真相,3
1244,老婆,9
1245,倒,11
1246,尽快,2
1247,追,1
1248,明星,2
1249,全民,15
1250,观点,1
1251,应该,28
1252,提出,2
1253,移民,3
1254,¿,1
1255,鹅,3
1256,城,3
1257,收到,1
1258,三十,4
1259,三十年,2
1260,借,5
1261,固定,8
1262,固定资产,1
1263,未,1
1264,确认,1
1265,融资,4
1266,资费,1
1267,费用,6
1268,贷,31
1269,长期,3
1270,应付款,1
1271,付款,1
1272,生产,13
1273,生产力,7
1274,提高,7
1275,有点,24
1276,有点像,1
1277,允许,8
1278,完美,2
1279,天才,4
1280,抵抗,1
1281,80,7
1282,非当,1
1283,当初,4
1284,谁,65
1285,房地产商,2
1286,地产商,2
1287,名字,5
1288,所谓,12
1289,侥幸,1
1290,侥幸心理,1
1291,心理,3
1292,追涨,1
1293,追涨杀跌,1
1294,杀跌,1
1295,心理作用,1
1296,作用,3
1297,过房,3
1298,产生,7
1299,眼里,1
1300,里根,2
1301,错,5
1302,早点,3
1303,偷去,1
1304,本钱,1
1305,投资,9
1306,加快,1
1307,城镇,6
1308,城镇化,6
1309,进程,3
1310,前面,16
1311,根本原因,2
1312,本原,3
1313,2013,1
1314,手,5
1315,捧,1
1316,雷,1
1317,一瓶,2
1318,水,7
1319,2,29
1320,块,17
1321,下,19
1322,一家,4
1323,4,21
1324,翻翻,2
1325,山海,2
1326,山海关,2
1327,海关,2
1328,天,12
1329,呐,4
1330,哭,11
1331,明显,7
1332,显现,1
1333,现阶段,1
1334,阶段,2
1335,新生,2
1336,新生代,1
1337,远,4
1338,低于,3
1339,答,1
1340,放弃,3
1341,导致,4
1342,高大,1
1343,不容,3
1344,容易,4
1345,肯定,18
1346,极限,1
1347,坚守,1
1348,买房子,8
1349,233,1
1350,幼儿,4
1351,幼儿园,4
1352,砍,3
1353,小朋友,2
1354,朋友,18
1355,人力,2
1356,人力资源,1
1357,第一,7
1358,楼,8
1359,买回,1
1360,国家级,1
1361,金字,5
1362,金字塔,5
1363,背上,2
1364,上房,4
1365,员工,3
1366,比较,9
1367,老实,1
1368,随便,7
1369,骂,3
1370,不敢,13
1371,吭声,1
1372,没关,7
1373,没关系,7
1374,后年,1
1375,解决,19
1376,解决问题,3
1377,反正,16
1378,接手,2
1379,倒霉,3
1380,倒霉蛋,1
1381,大神,1
1382,免得,2
1383,剩余,2
1384,剩余价值,1
1385,符合,3
1386,深,12
1387,不可,17
1388,能降,4
1389,高高,1
1390,高高兴兴,1
1391,兴,1
1392,数,1
1393,转行,1
1394,觉,1
1395,除了,13
1396,剩下,1
1397,父母,8
1398,存款,2
1399,厦门,2
1400,首付,5
1401,难道,8
1402,眼神,2
1403,飘忽,1
1404,飘忽不定,1
1405,不定,2
1406,必定,1
1407,六亲,1
1408,六亲不认,1
1409,之人,1
1410,上海,18
1411,疯,7
1412,指数,2
1413,金融资产,1
1414,塌,3
1415,本体,1
1416,明天,3
1417,支给,1
1418,一些,4
1419,骨折,1
1420,120,2
1421,这里,8
1422,里面,10
1423,变量,1
1424,大学,12
1425,大学毕业,1
1426,毕业生,1
1427,业生,2
1428,创,1
1429,历史,3
1430,新高,1
1431,再也,4
1432,失去,3
1433,总结,1
1434,人人,5
1435,跑,26
1436,抬高,1
1437,抱怨,1
1438,天天,14
1439,天都,3
1440,白干,1
1441,来自,3
1442,于,4
1443,存,4
1444,银行贷款,2
1445,屏幕,1
1446,幕前,1
1447,啦,45
1448,说白,9
1449,说白了,8
1450,卖命,1
1451,繁荣,2
1452,虚假,1
1453,发货,3
1454,然而,4
1455,口实,1
1456,实实,1
1457,实实在,1
1458,实实在在,1
1459,实在,7
1460,准备,6
1461,组织,3
1462,章鱼,1
1463,城市化,6
1464,最多,6
1465,倍速,2
1466,刚好,4
1467,鸡皮,1
1468,鸡皮疙瘩,1
1469,疙瘩,1
1470,一个个,1
1471,个个,2
1472,一批,14
1473,印,7
1474,里,24
1475,缺,4
1476,拥有,3
1477,拥有者,1
1478,醒醒,2
1479,做生意,1
1480,生意,2
1481,意同,1
1482,同样,5
1483,二胎,20
1484,看清,1
1485,看清楚,1
1486,清楚,7
1487,高维,1
1488,维度,1
1489,好像,21
1490,次,13
1491,入场,1
1492,头发,3
1493,打理,1
1494,人手,1
1495,手中,2
1496,20w,1
1497,可,24
1498,还行,12
1499,拉不动,1
1500,征收,1
1501,可不,4
1502,可不可以,1
1503,科技,14
1504,一手,5
1505,房东,3
1506,净,4
1507,股票,13
1508,饮鸩止渴,2
1509,止渴,2
1510,通过,6
1511,钞票,2
1512,互相,2
1513,类似,1
1514,没钱,39
1515,以前,24
1516,两,2
1517,夫妻,2
1518,后来,1
1519,亲戚,1
1520,三代,2
1521,息,1
1522,非,3
1523,找,20
1524,借口,1
1525,西伯,2
1526,西伯利亚,2
1527,利亚,2
1528,度假,1
1529,度假村,1
1530,表示,15
1531,赞同,2
1532,底特律,3
1533,求,8
1534,天网,1
1535,末日,2
1536,算了,3
1537,彼此,1
1538,人吃人,2
1539,人世,2
1540,最好,9
1541,局,1
1542,世界末日,1
1543,万多,3
1544,一场,7
1545,感受,4
1546,短期,5
1547,三套,1
1548,不存,4
1549,存在,4
1550,目前,5
1551,越来越少,4
1552,越少,6
1553,说到底,5
1554,到底,8
1555,肉,5
1556,不齿,1
1557,女方,1
1558,整,4
1559,还要,14
1560,直到,1
1561,生存,8
1562,此,2
1563,自带,2
1564,5,36
1565,倍数,2
1566,内卷,7
1567,折腾,2
1568,保护,4
1569,没人接,4
1570,盛,1
1571,路,11
1572,刺破,1
1573,尽然,1
1574,借贷,2
1575,厉害,17
1576,零花,2
1577,零花钱,2
1578,花钱买,2
1579,C,2
1580,中,10
1581,500W,1
1582,城中,2
1583,城中村,2
1584,中村,2
1585,自建,3
1586,自建房,3
1587,建房,7
1588,羡慕,2
1589,感谢,5
1590,爹妈,2
1591,胆量,1
1592,踹,1
1593,前,12
1594,主管,1
1595,被绑,1
1596,绑架,1
1597,急需,1
1598,重新,5
1599,洗牌,3
1600,耳朵,3
1601,凝结,1
1602,商品,5
1603,无差别,1
1604,差别,1
1605,别的,7
1606,单身,5
1607,发出,1
1608,学校,3
1609,住宅,1
1610,配套,3
1611,上学,5
1612,学区,12
1613,有助,1
1614,有助于,1
1615,助于,1
1616,减轻,2
1617,养,18
1618,孩,7
1619,50,10
1620,人口基数,2
1621,基数,2
1622,哇,4
1623,生活,17
1624,与,6
1625,。。。。,7
1626,当下,3
1627,赚钱,11
1628,效率,4
1629,低,29
1630,可是,10
1631,2020,7
1632,真要,6
1633,抑制,1
1634,年限,1
1635,降成,1
1636,最高,4
1637,搞定,2
1638,通货,5
1639,通货膨胀,4
1640,膨胀,7
1641,划算,3
1642,宝贝,1
1643,菜刀,1
1644,切菜,1
1645,杀人,2
1646,消费者,3
1647,那里,2
1648,变相,4
1649,相传,2
1650,不来,3
1651,来时,3
1652,美学,2
1653,连人,1
1654,有戏,1
1655,七十,3
1656,七十年,3
1657,汽车,2
1658,修,5
1659,砸,2
1660,喽,2
1661,槽,3
1662,可惜,8
1663,79,1
1664,不好,23
1665,不好意思,7
1666,好意,8
1667,好意思,8
1668,棒,1
1669,学习,7
1670,衡量,1
1671,采用,1
1672,赶紧,15
1673,差点,1
1674,刘玄德,1
1675,原始,1
1676,原始积累,1
1677,左右,4
1678,右声道,1
1679,声道,3
1680,剪,2
1681,狠,5
1682,够快,1
1683,只要,11
1684,全国,8
1685,国大,3
1686,大市,1
1687,区域,2
1688,脚,3
1689,投票,1
1690,结果,11
1691,双声,1
1692,双声道,1
1693,几套,4
1694,三线,9
1695,农村,27
1696,新城,1
1697,新城区,1
1698,城区,3
1699,老城,2
1700,老城区,2
1701,短时,2
1702,短时间,2
1703,内,4
1704,大差,1
1705,差不差,1
1706,推导,1
1707,过程,2
1708,实是,10
1709,大余,1
1710,进,6
1711,圆梦,1
1712,聪明,3
1713,急眼,1
1714,罪魁,1
1715,罪魁祸首,1
1716,魁祸,1
1717,祸首,1
1718,←,3
1719,_,6
1720,冷血,1
1721,五年,5
1722,五年级,1
1723,年级,2
1724,MD,1
1725,金融风暴,1
1726,风暴,1
1727,一开,1
1728,是从,5
1729,伪命,2
1730,命题,3
1731,前期,3
1732,符合国家,1
1733,加,14
1734,前提,1
1735,新房,2
1736,出路,2
1737,劲,1
1738,套现,6
1739,程度,1
1740,兜底,1
1741,清,4
1742,奇,1
1743,通涨,1
1744,想去,15
1745,因素,8
1746,一个亿,6
1747,劳动者,1
1748,创造,2
1749,00,7
1750,90,6
1751,4700,1
1752,半个,4
1753,不仅,2
1754,不仅仅,1
1755,仅仅,1
1756,社会,18
1757,会生,2
1758,原则,1
1759,原则上,1
1760,物价,11
1761,土地,5
1762,入货,1
1763,问,9
1764,真不,4
1765,真不知道,1
1766,不知,18
1767,拆迁户,1
1768,迁户,1
1769,重新分配,1
1770,分配,4
1771,持有,1
1772,核心,2
1773,房贷利率,4
1774,利率,19
1775,水平,7
1776,不然,11
1777,税收,3
1778,危险,3
1779,发言,1
1780,声音,19
1781,时,5
1782,b,11
1783,成年,5
1784,或,3
1785,100w,2
1786,好好,19
1787,乡镇,1
1788,几年,22
1789,交易税,1
1790,按揭,1
1791,bubble,1
1792,形成,2
1793,不足,2
1794,人口密度,1
1795,密度,1
1796,韩国,3
1797,涨到,6
1798,150,2
1799,不到,21
1800,说法,4
1801,根据,1
1802,社会学,1
1803,学理,2
1804,理论,1
1805,方面,1
1806,影响,18
1807,关键,11
1808,人均,2
1809,幸福,4
1810,而是,9
1811,会上,4
1812,普遍,1
1813,压力,13
1814,恶性,2
1815,恶性循环,2
1816,终结,2
1817,生人,1
1818,人口老龄化,1
1819,老龄,1
1820,老龄化,1
1821,发展缓慢,1
1822,展缓,1
1823,缓慢,1
1824,整体,1
1825,底层,4
1826,一层,2
1827,抽掉,1
1828,血腥,2
1829,资本积累,1
1830,结构,1
1831,cx,1
1832,？？？？,7
1833,止涨,1
1834,翻,10
1835,三四倍,1
1836,四倍,1
1837,人家,13
1838,举,2
1839,从实,2
1840,挤来,1
1841,二三,4
1842,二三十,1
1843,二三十年,1
1844,仿,1
1845,认,2
1846,金融工具,1
1847,燕郊,2
1848,不服,2
1849,总,14
1850,上道,2
1851,贵,49
1852,多数,5
1853,老百姓,6
1854,百姓,8
1855,自住,1
1856,通,1
1857,剪辑,1
1858,音响,2
1859,跳,6
1860,奥特,1
1861,舅,1
1862,炸,5
1863,饶舌,1
1864,极端,1
1865,操作,2
1866,内乱,1
1867,不降,4
1868,增,1
1869,最,16
1870,再多,2
1871,线,14
1872,没用,17
1873,机会,9
1874,会社,1
1875,总有一天,1
1876,一天,8
1877,天人,1
1878,后会,1
1879,会去,10
1880,z200,1
1881,帮,4
1882,z,1
1883,不让,10
1884,供需,2
1885,睡,3
1886,大街,2
1887,大不了,1
1888,回老家,6
1889,环游,1
1890,环游世界,1
1891,喝完,1
1892,咯,5
1893,200w,1
1894,先来,1
1895,佃户,2
1896,外汇,2
1897,万能,2
1898,药,2
1899,重要,11
1900,财富,2
1901,鼓,1
1902,勵,1
1903,躺,3
1904,贏,1
1905,開,1
1906,始,1
1907,合法,3
1908,迁来,1
1909,想学,1
1910,大于,4
1911,死亡,1
1912,死亡率,1
1913,则,2
1914,中等,2
1915,21,1
1916,鬼话,1
1917,平房,1
1918,抵,2
1919,过上,1
1920,抢银行,1
1921,禁止,3
1922,规矩,1
1923,先,28
1924,十几,4
1925,十几年,2
1926,年利率,2
1927,高工,1
1928,辛苦,7
1929,干,47
1930,买成,2
1931,高纬,1
1932,高纬度,1
1933,纬度,1
1934,犯罪,1
1935,p2p,1
1936,拉下,1
1937,下家,2
1938,绝大,3
1939,绝大部分,2
1940,有机,3
1941,达成,1
1942,阶级,1
1943,宏观,1
1944,害人,1
1945,回来,9
1946,没见,6
1947,见到,1
1948,知,1
1949,白领,1
1950,公家,1
1951,背景,22
1952,买起,2
1953,再就是,1
1954,不同,2
1955,同意,3
1956,国人,7
1957,完全,9
1958,不消,2
1959,一致,1
1960,工资水平,1
1961,资水,1
1962,逐渐,2
1963,纲,2
1964,降到,2
1965,平均,6
1966,平均值,1
1967,均值,1
1968,以下,3
1969,反而,6
1970,更少,3
1971,跳槽,1
1972,换工,1
1973,虽然,2
1974,毫无,2
1975,激情,1
1976,卖掉,1
1977,叶,1
1978,孤,1
1979,城主,1
1980,直呼,1
1981,内行,1
1982,设定,2
1983,定好,1
1984,创业,5
1985,入,2
1986,用房,2
1987,千万别,3
1988,c,6
1989,哪儿,1
1990,不算,2
1991,热血,14
1992,表现,1
1993,虚,4
1994,罢了,4
1995,果无,1
1996,换成,4
1997,混凝土,1
1998,跳起,1
1999,动,5
2000,蛋糕,2
2001,几层,1
2002,补发,1
2003,发证,1
2004,证件,1
2005,假,4
2006,纯,5
2007,味道,1
2008,本人,4
2009,不跌,2
2010,马后,1
2011,马后炮,1
2012,天花,1
2013,天花板,1
2014,以北,2
2015,会用,1
2016,无所谓,7
2017,做主,1
2018,主要,34
2019,知识,3
2020,知识点,1
2021,理财,1
2022,攒钱,1
2023,小伙,2
2024,小伙子,1
2025,伙子,1
2026,那时,4
2027,酒,3
2028,外资,1
2029,能用,3
2030,了了,3
2031,纳入,2
2032,统计,4
2033,全部,6
2034,偏远,3
2035,解锁,1
2036,新词,1
2037,祖宗,1
2038,留下,3
2039,留下来,2
2040,下来,21
2041,视频,19
2042,出现,3
2043,环绕,1
2044,环绕声,1
2045,如何,3
2046,何解,1
2047,卖方,1
2048,估值,2
2049,5000,10
2050,不停,2
2051,地,13
2052,画面,1
2053,佩服,1
2054,论证,1
2055,！！,8
2056,享受,4
2057,经典,6
2058,小城,9
2059,费时,1
2060,费时间,1
2061,细,4
2062,思,4
2063,恐,2
2064,极,5
2065,熟,2
2066,换房,1
2067,娱乐,6
2068,总应,1
2069,醒,3
2070,拒绝,1
2071,绝学,1
2072,微,2
2073,商,5
2074,天津,6
2075,六岁,1
2076,慈善,1
2077,善行,1
2078,行不行,1
2079,呵呵,30
2080,女人,4
2081,男人,1
2082,听,38
2083,炒作,1
2084,没什么,11
2085,区别,3
2086,炒股,4
2087,炒股票,1
2088,接盘,16
2089,有别,2
2090,女孩,2
2091,越多,1
2092,越,16
2093,众所周知,1
2094,周知,1
2095,知人,1
2096,冠,3
2097,东北,44
2098,不道德,1
2099,道德,2
2100,投机,3
2101,正常,6
2102,子孙,2
2103,广东,3
2104,福建,1
2105,福建人,1
2106,侠,5
2107,那些,17
2108,得有,2
2109,尴尬,4
2110,毕竟,8
2111,附加,1
2112,没了,9
2113,掌控,1
2114,年龄,3
2115,放开,2
2116,源头,2
2117,找到,4
2118,博,22
2119,傻,8
2120,奴隶,4
2121,蒙上,1
2122,上眼,1
2123,眼睛,2
2124,驴,1
2125,入木三分,1
2126,三分,3
2127,凸显,1
2128,南海,1
2129,公司,13
2130,老子,3
2131,卖身,2
2132,卖身契,2
2133,嘿嘿,7
2134,嘿嘿嘿,1
2135,算是,2
2136,炒房客,2
2137,房客,2
2138,黑,8
2139,上去,5
2140,金融版,1
2141,版本,2
2142,营销,8
2143,傻子,2
2144,鹤壁,1
2145,阜新,1
2146,新年,1
2147,人流,1
2148,依然,5
2149,X,1
2150,销,1
2151,蜜,1
2152,雪,1
2153,冰城,1
2154,甜蜜,1
2155,甜蜜蜜,1
2156,嗨,4
2157,桥洞,1
2158,远别,1
2159,别谈,2
2160,炸裂,1
2161,拉人,2
2162,后人,4
2163,人儿,1
2164,没戏,2
2165,贪婪,1
2166,无数,1
2167,数人,2
2168,当牛做马,1
2169,套住,1
2170,教,2
2171,大道,1
2172,大道理,1
2173,投币,6
2174,尊重,1
2175,断,7
2176,子,1
2177,绝,1
2178,孙,1
2179,八十,1
2180,八十万,1
2181,十万,3
2182,割,1
2183,胎,11
2184,吸干,1
2185,人体,1
2186,蜈蚣,1
2187,利税,1
2188,两年,17
2189,文明,4
2190,用钱,3
2191,狼,6
2192,太少,8
2193,滚雪,1
2194,滚雪球,1
2195,雪球,2
2196,出事,1
2197,s,4
2198,货,2
2199,满,8
2200,搏,6
2201,爷,2
2202,屁事,8
2203,县城,10
2204,都还没,2
2205,没出,1
2206,去过,51
2207,抹,1
2208,尽,2
2209,提词,1
2210,器,1
2211,真大,1
2212,教授,1
2213,教授级,1
2214,级别,2
2215,疯狂,7
2216,毛病,4
2217,流毒,1
2218,无穷,1
2219,可怜,3
2220,几个,23
2221,不久,3
2222,算计,1
2223,变成,6
2224,比特,5
2225,担心,2
2226,实际上,4
2227,多年,9
2228,人民币,1
2229,缘由,1
2230,敢讲,1
2231,jiu,1
2232,口,3
2233,cai,1
2234,父,1
2235,母,1
2236,存钱,2
2237,进来,3
2238,忽悠,2
2239,走,8
2240,封面,1
2241,管理,1
2242,管理局,1
2243,寿命,1
2244,敲骨吸髓,1
2245,拼命,3
2246,泡妞,1
2247,西部,2
2248,草,3
2249,太过分,1
2250,文案,2
2251,被扣,1
2252,扣钱,1
2253,织毛衣,2
2254,对不起,1
2255,喷饭,1
2256,两三,8
2257,两三个,1
2258,三个,7
2259,一次,24
2260,九五,1
2261,搭,2
2262,开下,1
2263,下午,28
2264,厂,1
2265,电费,3
2266,佳丽,1
2267,公主,18
2268,一年,22
2269,三次,2
2270,新定,1
2271,定义,1
2272,最爱,1
2273,速效,5
2274,救心丸,6
2275,hhh,1
2276,？？！！,1
2277,唱,81
2278,美声,1
2279,损,1
2280,蹦迪,21
2281,KTV,74
2282,连续,1
2283,小时,11
2284,不休,1
2285,休息,2
2286,经常,22
2287,剧本,14
2288,桌,2
2289,游,5
2290,暴露,2
2291,系列,1
2292,客厅,1
2293,垮,4
2294,唱歌,37
2295,沉浸,2
2296,式,3
2297,密室,9
2298,逃脱,4
2299,来来,2
2300,来来回回,1
2301,来回,2
2302,回回,1
2303,几首,3
2304,卡拉,1
2305,欧,1
2306,k,12
2307,家里,12
2308,装,4
2309,家庭影院,2
2310,影院,4
2311,17,4
2312,秋冬,1
2313,转眼,1
2314,即逝,1
2315,500,8
2316,米,4
2317,外,3
2318,网吧,13
2319,没去,56
2320,K,14
2321,接来,1
2322,风景,2
2323,风景画,1
2324,陪,3
2325,歌词,1
2326,小姐,7
2327,太贵,19
2328,刺激,14
2329,夜,7
2330,店,10
2331,选择,16
2332,叔叔,2
2333,阿姨,1
2334,聚会,4
2335,北国,1
2336,北国之春,1
2337,难忘,1
2338,今宵,1
2339,呜呜,3
2340,摸摸,18
2341,夕阳,2
2342,夕阳红,2
2343,红场,2
2344,场,6
2345,晚八点,1
2346,八点,1
2347,午时,2
2348,时段,3
2349,去年,14
2350,夏天,2
2351,爆满,3
2352,好多,10
2353,好多年,3
2354,年轻漂亮,1
2355,漂亮,10
2356,妹子,5
2357,老人,6
2358,感情,1
2359,不光,3
2360,app,3
2361,读书,3
2362,去逛,1
2363,逛街,1
2364,累,8
2365,ktv,77
2366,鬼屋,2
2367,的确,3
2368,确属,1
2369,上个,5
2370,上个世纪,1
2371,世纪,1
2372,感觉,31
2373,年代,3
2374,感,2
2375,强,8
2376,受不了,3
2377,灯光,1
2378,暗,1
2379,闪,1
2380,装修,3
2381,家严,1
2382,奶茶,6
2383,茶店,5
2384,中老年,5
2385,占领,1
2386,上次,4
2387,服务员,2
2388,拿来,1
2389,一壶水,1
2390,元,5
2391,同志,2
2392,回到,5
2393,床上,1
2394,从未,4
2395,未去,3
2396,常,4
2397,马上,3
2398,轮到,1
2399,白天,6
2400,营业,2
2401,赔本,4
2402,版权,22
2403,？！！？,1
2404,隐形,1
2405,翅膀,1
2406,寻找,1
2407,白雪,1
2408,白雪公主,1
2409,邻居,1
2410,投诉,1
2411,八年,3
2412,活动,6
2413,活动中心,2
2414,中心,7
2415,65,1
2416,岁,17
2417,2000,7
2418,45,1
2419,要是,34
2420,穷,17
2421,一个月,18
2422,几千,6
2423,几千块,1
2424,千块,11
2425,最少,3
2426,商务,4
2427,种地,1
2428,好玩,7
2429,歌单,2
2430,更新,5
2431,不及,2
2432,及时,2
2433,麦克,3
2434,麦克风,3
2435,失真,1
2436,难受,1
2437,大发,1
2438,随意,1
2439,馆,3
2440,挺不错,2
2441,促进,1
2442,交流,1
2443,抢麦,1
2444,六个,2
2445,量贩式,2
2446,歌,49
2447,轰,4
2448,趴,4
2449,钱柜,1
2450,山大,1
2451,有时,19
2452,五六,5
2453,五六十,2
2454,六十,2
2455,出门,7
2456,暑假,1
2457,同事,3
2458,一起,15
2459,五小,1
2460,五小时,1
2461,49,1
2462,上社,1
2463,社交,5
2464,取代,1
2465,线下,1
2466,学生,12
2467,生在,1
2468,近十年,2
2469,唯一一,2
2470,一一,2
2471,谈,3
2472,业务,1
2473,小时候,3
2474,城堡,1
2475,长大,4
2476,色,1
2477,盅,1
2478,变冷,1
2479,冷淡,1
2480,打游戏,3
2481,居多,2
2482,青年,5
2483,青年人,3
2484,拉动,2
2485,这部分,1
2486,分时,1
2487,销量,1
2488,给出,1
2489,很大,3
2490,让利,1
2491,既,2
2492,优惠,4
2493,自然,9
2494,棋牌,1
2495,棋牌室,1
2496,回家,8
2497,扭秧歌,1
2498,秧歌,1
2499,华语,2
2500,乐坛,4
2501,衰落,1
2502,说起,2
2503,环球,1
2504,唱片,3
2505,华纳,1
2506,索尼,1
2507,喜欢,32
2508,25,2
2509,程序,1
2510,程序员,1
2511,干饭,2
2512,漂泊,1
2513,流浪,1
2514,小酒,1
2515,小酒馆,1
2516,酒馆,1
2517,大门,5
2518,大门口,1
2519,门口,3
2520,中年,3
2521,中年人,3
2522,场所,2
2523,劵,1
2524,嫖,4
2525,消,1
2526,传唱,2
2527,终于,5
2528,广场,3
2529,寥寥,1
2530,寥寥无几,1
2531,无几,1
2532,两三年,4
2533,三年,10
2534,每年,2
2535,过年,6
2536,一两次,1
2537,两次,3
2538,上个星期,1
2539,星期,4
2540,真实,9
2541,妈,8
2542,每周,3
2543,一步,5
2544,舞团,1
2545,四次,2
2546,年青,2
2547,年青人,1
2548,受欢迎,1
2549,欢迎,4
2550,电视,2
2551,买点,1
2552,在家,16
2553,长年,1
2554,年纪,3
2555,开业,1
2556,倒闭,5
2557,缺点,2
2558,气氛,3
2559,聊聊,1
2560,人事,1
2561,合作,1
2562,六十开,1
2563,十开,1
2564,包,1
2565,没空,3
2566,方便,4
2567,周,4
2568,承受,1
2569,小圈,1
2570,小圈子,1
2571,圈子,3
2572,唱的歌,5
2573,活,16
2574,二十,4
2575,二十年,2
2576,[,1
2577,]​,3
2578,烘干,2
2579,方便面,3
2580,机器,2
2581,。。。。。,2
2582,中老年人,4
2583,闲心,1
2584,换场,1
2585,场子,1
2586,不容忽视,1
2587,忽视,2
2588,板砖,1
2589,爪,1
2590,机,2
2591,手机,10
2592,音箱,1
2593,话筒,1
2594,民变,1
2595,宅,21
2596,舍得,1
2597,超级,5
2598,好险,1
2599,聊天,1
2600,包房,1
2601,点歌,2
2602,会点,1
2603,听的歌,2
2604,一分,3
2605,一分钟,1
2606,分钟,8
2607,一块,4
2608,一块钱,1
2609,块钱,12
2610,迷你,7
2611,15,10
2612,像是,5
2613,同学,9
2614,婚前,1
2615,流行,1
2616,流行乐,1
2617,行乐,1
2618,团体,1
2619,偶像,2
2620,或者,5
2621,度,2
2622,极差,1
2623,歌曲,2
2624,老歌,4
2625,虽,1
2626,腻,1
2627,香,28
2628,音乐,32
2629,商业,1
2630,五线,2
2631,经营,5
2632,舞厅,1
2633,md,2
2634,爱,16
2635,一百多,3
2636,百多,4
2637,喝酒,8
2638,女生,3
2639,谈恋爱,3
2640,恋爱,3
2641,kt,1
2642,保温,1
2643,保温杯,1
2644,亮,2
2645,团购,1
2646,996,32
2647,女仆,1
2648,并且,1
2649,很多歌,3
2650,35,3
2651,量,3
2652,贩,2
2653,版,4
2654,百十,1
2655,十来,1
2656,套餐,8
2657,而且,11
2658,隔音,2
2659,一排,1
2660,一排排,1
2661,排排,2
2662,上个月,3
2663,刚去,21
2664,狗头,3
2665,几首歌,1
2666,首歌,4
2667,延迟,1
2668,个位,1
2669,个位数,1
2670,位数,1
2671,代表,6
2672,不至于,8
2673,至于,10
2674,落寞,3
2675,这边,2
2676,四十,2
2677,挺好玩,1
2678,早上,2
2679,9,6
2680,饭店,2
2681,撤,3
2682,拜拜,2
2683,小半,2
2684,半年,7
2685,时髦,2
2686,词,2
2687,国语,1
2688,国语歌,1
2689,有关,5
2690,三四十,1
2691,软件,3
2692,企业会员,1
2693,会员,1
2694,直播,3
2695,四年,6
2696,订满,1
2697,最近,5
2698,200,5
2699,四个,4
2700,赠,1
2701,果盘,2
2702,小吃,1
2703,数据,9
2704,干嘛,20
2705,老人家,1
2706,玩游,5
2707,玩游戏,5
2708,珠江,1
2709,电影厂,1
2710,特,8
2711,俗,2
2712,浴室,1
2713,音效,1
2714,差,8
2715,正规,4
2716,俩,2
2717,十八,3
2718,闹,2
2719,传统,1
2720,同一,6
2721,正版,2
2722,整块,1
2723,相对,2
2724,波,3
2725,权限,1
2726,限制,12
2727,宿舍,1
2728,电影院,1
2729,不但,1
2730,三分之二,1
2731,之二,1
2732,上升,6
2733,桑,1
2734,机电,1
2735,电脑,2
2736,摆在,2
2737,街上,2
2738,脏,1
2739,整改,1
2740,改打,1
2741,打压,2
2742,酒吧,24
2743,牌,5
2744,证,2
2745,无证,1
2746,今年,15
2747,四首,1
2748,四首歌,1
2749,价格,8
2750,联盟,5
2751,后分,1
2752,分享,2
2753,充满,1
2754,VIP,1
2755,老干部,1
2756,干部,1
2757,个数,5
2758,参考,1
2759,意义,7
2760,单,4
2761,时间差,1
2762,人数,1
2763,很多年,1
2764,娱乐场,1
2765,娱乐场所,1
2766,所是,1
2767,昨天,9
2768,代,2
2769,王道,1
2770,书店,1
2771,演唱,2
2772,演唱会,2
2773,回归,3
2774,正题,1
2775,场上,1
2776,王子,1
2777,前去,1
2778,中坚,1
2779,中坚力量,1
2780,力量,7
2781,刚刚,3
2782,刚回来,3
2783,三国,1
2784,有意,5
2785,有意思,3
2786,平行,1
2787,正经,8
2788,正经人,4
2789,用去,2
2790,一回,4
2791,有数,1
2792,胡编,1
2793,加班,13
2794,在手,3
2795,机上,2
2796,管,6
2797,太严,2
2798,听力,2
2799,损伤,1
2800,沙雕,2
2801,搞钱,1
2802,网上,1
2803,网上生活,1
2804,好事,10
2805,商家,1
2806,气,1
2807,坏,1
2808,出去玩,1
2809,闷,2
2810,密闭,1
2811,养病,1
2812,病毒,1
2813,歌手,4
2814,难度,1
2815,度越,1
2816,基本,16
2817,强者,1
2818,咪,1
2819,哒,3
2820,中小,1
2821,中小城市,1
2822,几十家,1
2823,十家,1
2824,少年,3
2825,没意思,7
2826,俄罗斯,1
2827,罗斯,7
2828,塞尔,1
2829,塞尔维,1
2830,塞尔维亚,1
2831,维亚,1
2832,呼伦贝尔,1
2833,贝尔,1
2834,塞浦路斯,1
2835,浦路,1
2836,路斯,1
2837,许,2
2838,嵩,1
2839,起码,3
2840,五六年,2
2841,六年,2
2842,多次,2
2843,切,1
2844,五音,1
2845,五音不全,1
2846,咱,2
2847,服务行业,1
2848,黑金,1
2849,黑金属,1
2850,金属,1
2851,幾,1
2852,後,1
2853,琪,1
2854,部下,1
2855,架,2
2856,没错,5
2857,英雄,3
2858,三四年,1
2859,没得,1
2860,很贵,3
2861,爸,3
2862,老同学,1
2863,迪厅,1
2864,告诉,2
2865,2017,4
2866,多行,2
2867,高峰,1
2868,不加,2
2869,绩效,1
2870,完成,2
2871,费,5
2872,歌厅,1
2873,降级,1
2874,质量,4
2875,查,3
2876,氛围,1
2877,数年,1
2878,不开,3
2879,开门,1
2880,春节,1
2881,春节假期,1
2882,节假,2
2883,假期,3
2884,订到,1
2885,扫,4
2886,yellow,1
2887,没来,1
2888,年半,1
2889,开支,1
2890,晕过去,1
2891,老爸,1
2892,隔三差五,1
2893,老家伙,1
2894,小伙伴,1
2895,伙伴,1
2896,说明,4
2897,明大,1
2898,喝,2
2899,少林,3
2900,少林功夫,3
2901,功夫,5
2902,。[,2
2903,微笑,1
2904,酒水,3
2905,海底,1
2906,捞,1
2907,菜,2
2908,​,2
2909,何况,1
2910,？​,1
2911,好久,5
2912,过瘾,1
2913,kTV,1
2914,吵,24
2915,原,1
2916,一日,1
2917,一日游,1
2918,冷门,1
2919,一首,3
2920,乱,4
2921,热闹,3
2922,免费,8
2923,打毛线,1
2924,毛线,5
2925,摇,1
2926,腾讯,3
2927,垄断,2
2928,抖,2
2929,音,10
2930,请用,1
2931,苹果,2
2932,妹妹,3
2933,前天,3
2934,級,1
2935,高中,3
2936,中大,1
2937,学时,1
2938,偶尔,1
2939,近几年,1
2940,好久没,2
2941,电,1
2942,竞,1
2943,功不可没,2
2944,特别,7
2945,好听,9
2946,新歌,3
2947,话语,2
2948,007,6
2949,29,4
2950,高级,1
2951,上有,2
2952,天然,1
2953,缺陷,1
2954,确实,17
2955,沐,2
2956,足,4
2957,算不算,1
2958,崛起,3
2959,反倒,1
2960,爸妈,2
2961,六个月,1
2962,贵点,1
2963,门,2
2964,一股,2
2965,怪味,1
2966,户外,1
2967,户外活动,1
2968,外活,1
2969,班上,3
2970,时代,6
2971,产物,1
2972,受众,1
2973,实力,3
2974,音乐盛典,1
2975,盛典,1
2976,就行了,8
2977,爽,7
2978,洗脚,4
2979,回,6
2980,重来,1
2981,原本,2
2982,不怎么,3
2983,得出,2
2984,有失,1
2985,偏颇,1
2986,吃饭,5
2987,好几,9
2988,好几年,7
2989,从来没,11
2990,年底,1
2991,聚聚,1
2992,卡,4
2993,坦,2
2994,岛,1
2995,反反,1
2996,反反复复,1
2997,复,1
2998,几遍,2
2999,订,1
3000,到位,2
3001,位置,1
3002,打手,2
3003,那群人,1
3004,流量,2
3005,原创,1
3006,2015,1
3007,纪大,1
3008,嫌,1
3009,中午,1
3010,抽烟,1
3011,粤语,1
3012,粤语歌,1
3013,力行,1
3014,时长,1
3015,场地,1
3016,人不知,2
3017,侵权,1
3018,少收,1
3019,额,1
3020,说实话,1
3021,以及,2
3022,周边,2
3023,周边城市,1
3024,边城,1
3025,火爆,2
3026,led,1
3027,屏,3
3028,项目,11
3029,广州,12
3030,及其,1
3031,多个,1
3032,下场,2
3033,上网,6
3034,小姐姐,2
3035,姐姐,2
3036,排送,1
3037,箱,1
3038,淘汰,2
3039,落后,1
3040,产能,2
3041,ATV,1
3042,那段,1
3043,段时间,2
3044,更便,1
3045,要钱,1
3046,12,5
3047,一代人,1
3048,二,7
3049,。，,1
3050,本发明,1
3051,MMC,1
3052,身经,1
3053,移动,1
3054,不解,1
3055,去不去,1
3056,大学生,6
3057,几天,4
3058,刀,7
3059,哥,3
3060,很重,1
3061,耐不住,1
3062,身边,3
3063,带上,1
3064,茶馆,1
3065,科特,1
3066,VE,1
3067,9116,1
3068,照样,4
3069,steam,1
3070,好呀,1
3071,解放,2
3072,西,2
3073,价,3
3074,从不,1
3075,哎,6
3076,打牌,1
3077,不赖,1
3078,猜,1
3079,童年,1
3080,应酬,1
3081,別,1
3082,說,1
3083,點,1
3084,rap,4
3085,马路,1
3086,马路上,1
3087,路上,1
3088,盗版,1
3089,巨,2
3090,国乐,1
3091,犊子,4
3092,二十五,1
3093,十五,1
3094,十五六,1
3095,一周,2
3096,相互,1
3097,噪音,2
3098,攻击,2
3099,离开,2
3100,初中,1
3101,很少,2
3102,记不得,1
3103,格非,1
3104,非常,6
3105,非常低,1
3106,？？？？？？,2
3107,媽,1
3108,賊,1
3109,愛,1
3110,从没,2
3111,一两个,1
3112,不好玩,1
3113,游去,1
3114,聊,1
3115,优先,2
3116,走起,2
3117,兴起,1
3118,这周,1
3119,9106,1
3120,写歌,1
3121,电磁,1
3122,电磁炮,1
3123,8,8
3124,上周,1
3125,前两天,1
3126,驱使,1
3127,今天,4
3128,几,2
3129,一顿,1
3130,难出,1
3131,杰,1
3132,周杰伦,2
3133,睡觉,2
3134,睡觉时,1
3135,睡觉时间,1
3136,23333,2
3137,车,3
3138,以上,8
3139,7,4
3140,99999999,1
3141,和尚,2
3142,？？？？？？？？？,3
3143,好久好久,1
3144,yyds,1
3145,认为,4
3146,正义,1
3147,4609,1
3148,单纯,1
3149,网,4
3150,红,1
3151,节假日,1
3152,假日,1
3153,退休金,2
3154,兄弟,5
3155,老妹,2
3156,坐,1
3157,可听,1
3158,听说,2
3159,人心,3
3160,心脏,1
3161,窗帘,1
3162,拉,2
3163,外面,2
3164,面人,1
3165,看着,2
3166,耍猴,1
3167,东莞,1
3168,回不去,5
3169,不少,5
3170,奇怪,3
3171,明明,6
3172,土,4
3173,些,2
3174,扫黄,8
3175,Up,4
3176,动脑,1
3177,动脑子,1
3178,写,7
3179,打扰,2
3180,扫光,1
3181,路过,2
3182,龟,1
3183,公,17
3184,老弟,1
3185,儿,2
3186,妹儿,2
3187,玩儿,2
3188,会儿,1
3189,九点,1
3190,下班,1
3191,水痘,1
3192,990,1
3193,黄,4
3194,郭,2
3195,云,5
3196,蕊,1
3197,毛,8
3198,有空,1
3199,没想,3
3200,啥意思,6
3201,抓,2
3202,抓上,1
3203,大爷,9
3204,大妈,7
3205,垃圾,4
3206,日常,1
3207,娱乐活动,1
3208,…………,2
3209,一句,4
3210,活水,1
3211,现象,2
3212,象是,1
3213,打击,1
3214,网易,2
3215,男女,1
3216,妈妈,2
3217,姐妹,1
3218,女朋友,2
3219,40,3
3220,05,1
3221,阵子,1
3222,男,9
3223,鸡,2
3224,班,2
3225,不累,1
3226,像样,1
3227,咖,2
3228,友联,1
3229,联机,1
3230,比什,1
3231,猫,3
3232,餐,2
3233,赶场,1
3234,她,3
3235,果酒,1
3236,确定,4
3237,奶奶,2
3238,辈,1
3239,不熟,1
3240,但凡,2
3241,洗澡,2
3242,梦,4
3243,娈,1
3244,开车,1
3245,老面孔,1
3246,面孔,1
3247,气质,1
3248,mo,1
3249,脱轨,1
3250,据说,2
3251,2019,2
3252,小妹,2
3253,小妹妹,1
3254,年期,1
3255,包间,2
3256,一点,16
3257,开房,1
3258,废话,7
3259,医院,1
3260,墓地,1
3261,越好,4
3262,一首歌,1
3263,真行,1
3264,圈钱,1
3265,没心,2
3266,心情,2
3267,女孩子,1
3268,性价比,1
3269,手术,1
3270,bbc,1
3271,贫穷,2
3272,爸爸,2
3273,爸爸妈妈,1
3274,整天,1
3275,不时,1
3276,时尚,1
3277,01,1
3278,好惨,2
3279,qu,1
3280,??,1
3281,屁屁,1
3282,似的,1
3283,要死,3
3284,死鬼,1
3285,贼,6
3286,高音,1
3287,花花,1
3288,瞎,3
3289,团建,2
3290,恶心,3
3291,聚集,2
3292,处,1
3293,飞机,1
3294,打发,3
3295,有偿,1
3296,陪侍,1
3297,侍女,1
3298,女服,1
3299,女服务员,1
3300,赶回,1
3301,赶回去,1
3302,迪吧,1
3303,复杂,2
3304,一台,2
3305,台电,1
3306,玩到,2
3307,饿死,1
3308,年前,1
3309,小学,3
3310,小学生,2
3311,攒,2
3312,奢侈,1
3313,胡说,4
3314,久,3
3315,解压,1
3316,大声,8
3317,大声吼叫,1
3318,吼叫,1
3319,舒服,5
3320,歌唱,1
3321,xd,2
3322,疯子,1
3323,自,2
3324,坚挺,1
3325,运动,1
3326,团,4
3327,孤僻,1
3328,胡,1
3329,海,1
3330,斌,1
3331,2018,1
3332,数字,2
3333,两百,2
3334,两百多,1
3335,二十分,1
3336,二十分钟,1
3337,十分,1
3338,十分钟,1
3339,能比,1
3340,古风,1
3341,28,1
3342,亲吻,1
3343,拥抱,1
3344,闹心,1
3345,屁,16
3346,干脆,3
3347,念经,1
3348,礼拜,1
3349,玩不过来,1
3350,过来,1
3351,TV,1
3352,兴趣,1
3353,胡说八道,2
3354,八道,2
3355,好看,1
3356,摸,1
3357,妞,1
3358,十几块,1
3359,几块,1
3360,几块钱,1
3361,群,2
3362,老成,1
3363,学会,3
3364,保养,1
3365,主阵地,1
3366,阵地,1
3367,洗浴,3
3368,水疗,1
3369,汇,1
3370,吧唧,1
3371,可去,2
3372,日语,1
3373,动手,1
3374,页,1
3375,坏人,1
3376,变坏,1
3377,严管,1
3378,忙,2
3379,顶多,2
3380,店面,1
3381,投入,2
3382,沉没,1
3383,一个包,1
3384,包厢,1
3385,多一笔,1
3386,一笔,7
3387,多少钱,3
3388,晚上,3
3389,妹,1
3390,纸,1
3391,销号,3
3392,张口,1
3393,亲,3
3394,安全,3
3395,岁数,1
3396,(●°,1
3397,u,1
3398,°●)​,1
3399, ,1
3400,」,1
3401,大白,1
3402,大白天,1
3403,领,3
3404,美女,2
3405,走到,1
3406,碰到,1
3407,熟人,1
3408,警察,1
3409,动不动,1
3410,平安,1
3411,某某,1
3412,某行,1
3413,蹭,3
3414,往上,1
3415,单一,2
3416,欢唱,1
3417,p,1
3418,分析,7
3419,忒,1
3420,办完,1
3421,没进,1
3422,进去,7
3423,霉,2
3424,上榜,2
3425,很烦,1
3426,臭,1
3427,误解,1
3428,专业,8
3429,事情,7
3430,交给,1
3431,难听,1
3432,每天,4
3433,？๑,3
3434,乛,6
3435,v,3
3436,๑,3
3437,扯淡,4
3438,你老,1
3439,是夜,1
3440,出名,1
3441,入土,1
3442,记得,4
3443,无比,1
3444,注意,5
3445,身体,3
3446,油腻,1
3447,之一,5
3448,很忙,1
3449,同楼,1
3450,楼下,2
3451,炒饭,1
3452,蓝,18
3453,每月,11
3454,1000,45
3455,发到,3
3456,18,6
3457,天际,1
3458,天际线,1
3459,关,15
3460,10w,2
3461,大宝,1
3462,怀上,2
3463,宝,5
3464,心累,1
3465,看完,3
3466,关注,8
3467,W,1
3468,计会,1
3469,放慢,1
3470,脚步,1
3471,作为,2
3472,建筑,1
3473,建筑设计,1
3474,设计,1
3475,设计师,1
3476,失业,15
3477,10000,4
3478,冷静,1
3479,冷静下来,1
3480,静下,1
3481,静下来,1
3482,保住,4
3483,最重,1
3484,关爱,1
3485,协会,1
3486,温馨,1
3487,提示,2
3488,恼火,1
3489,一千,25
3490,一千块,10
3491,十万块,1
3492,万块,2
3493,考虑一下,1
3494,尽头,2
3495,bgm,30
3496,愿意,98
3497,二套,5
3498,发愁,1
3499,精力,5
3500,勇气,1
3501,另一半,1
3502,一半,7
3503,年终,5
3504,年终奖,5
3505,对象,6
3506,………………,1
3507,走神,2
3508,中餐,1
3509,零食,2
3510,玩具,1
3511,加上,4
3512,上三,2
3513,三餐,1
3514,两点,1
3515,点心,1
3516,两千,2
3517,必须,9
3518,补,10
3519,3000,7
3520,梦想,2
3521,毅力,1
3522,决心,1
3523,保,43
3524,一胎,27
3525,补助,2
3526,天堂,3
3527,用计,1
3528,计算,2
3529,计算机,2
3530,算机,2
3531,取,1
3532,最佳,1
3533,最佳值,1
3534,5G,25
3535,4G,10
3536,变慢,3
3537,来到,2
3538,体,1
3539,这段,2
3540,BGM,28
3541,家小,1
3542,过完,1
3543,西都,1
3544,结,9
3545,婚,8
3546,算了算,1
3547,结束,8
3548,咧,2
3549,露天,1
3550,冒烟,1
3551,千,3
3552,有变,1
3553,变过,1
3554,上项,1
3555,吃饱,1
3556,无忧,1
3557,万幸,1
3558,保姆,1
3559,谱,1
3560,托儿,1
3561,托儿所,1
3562,新增,1
3563,增长点,4
3564,冰雪,1
3565,炒粉,1
3566,人间,1
3567,清醒,1
3568,全都,10
3569,必然,4
3570,得不到,1
3571,中庸,1
3572,中庸之道,1
3573,有加,1
3574,铁链,1
3575,恐惧,2
3576,多只,1
3577,哈,4
3578,江山,2
3579,问问,3
3580,室友,1
3581,报,6
3582,保结,1
3583,箴言,1
3584,正在,5
3585,研究生,1
3586,迷茫,1
3587,挣扎,1
3588,现用,1
3589,慢,5
3590,背诵,1
3591,全文,1
3592,想起,3
3593,输血,1
3594,晚,3
3595,wifi,1
3596,厚礼,1
3597,蟹,3
3598,热爱,2
3599,土木,4
3600,阵痛,6
3601,做成,1
3602,中式,4
3603,摸索,1
3604,天上,2
3605,天上掉,2
3606,方案,2
3607,罗,1
3608,师傅,2
3609,新政,1
3610,船,1
3611,大难,1
3612,掉头,2
3613,不掉,1
3614,黄金,5
3615,选,4
3616,技能,1
3617,能够,1
3618,莫名,1
3619,莫名其妙,1
3620,吃喝,2
3621,吃喝玩乐,2
3622,玩乐,2
3623,度过,1
3624,一生,4
3625,生就,4
3626,边边,1
3627,边边角角,1
3628,边角,1
3629,角,1
3630,哪个,5
3631,这事,3
3632,心病,1
3633,凯恩,2
3634,凯恩斯,2
3635,恩斯,2
3636,补习,10
3637,补习班,8
3638,下课,1
3639,下课后,1
3640,课后,1
3641,写作,1
3642,作业,1
3643,这俩,1
3644,保不住,16
3645,可行,1
3646,钝角,1
3647,君,6
3648,一席,10
3649,一席话,10
3650,如,5
3651,办公,2
3652,办公室,1
3653,公室,1
3654,使用,6
3655,速度,5
3656,显著,1
3657,物竞天择,2
3658,天择,2
3659,适者,2
3660,适者生存,2
3661,赛,2
3662,朋克,2
3663,听起,2
3664,妖,1
3665,后半,1
3666,后半部,1
3667,半部,1
3668,配乐,4
3669,日式,5
3670,拉面,1
3671,配,3
3672,米饭,1
3673,碳水,4
3674,岁月,3
3675,究,1
3676,答案,8
3677,未经,1
3678,苦,5
3679,莫,2
3680,劝,1
3681,善,1
3682,不变,2
3683,刺耳,1
3684,对于,5
3685,大多,4
3686,大多数,3
3687,而言,1
3688,剧痛,1
3689,别号,1
3690,王朝,1
3691,兴衰,1
3692,流转,1
3693,大势,1
3694,大势所趋,1
3695,而后,1
3696,立,1
3697,标准,1
3698,准能,1
3699,治好,1
3700,仿佛,1
3701,堆上,1
3702,堆上去,1
3703,不败,2
3704,精髓,1
3705,可加,1
3706,海市,1
3707,海市蜃楼,1
3708,蜃楼,1
3709,中考,1
3710,考大学,1
3711,考上,1
3712,O,2
3713,∆,1
3714,合肥,3
3715,双职工,1
3716,职工,1
3717,子车,1
3718,车子,2
3719,医疗,8
3720,教育,15
3721,等等,3
3722,少不了,1
3723,常情,1
3724,省,2
3725,能干,4
3726,网速,1
3727,M,1
3728,补贴,12
3729,减,3
3730,税额,1
3731,接发,2
3732,发钱,8
3733,小命,1
3734,要紧,2
3735,基建,10
3736,累死,2
3737,干点,1
3738,受到,2
3739,骗钱,1
3740,真慢,1
3741,楼市,27
3742,5g,13
3743,封,5
3744,生小孩,3
3745,带来,2
3746,就业,3
3747,放屁,4
3748,相关,1
3749,降价,4
3750,扯皮,1
3751,里来,2
3752,做梦,4
3753,取消,6
3754,限购,1
3755,一部,3
3756,一部分,3
3757,到处,4
3758,抄,3
3759,疼,2
3760,讯,1
3761,朝,2
3762,托,1
3763,不装,1
3764,接报,1
3765,报答,1
3766,扯,8
3767,学龄,1
3768,学龄前,1
3769,义务,1
3770,义务教育,1
3771,试试,2
3772,试试看,1
3773,试看,1
3774,宝宝,2
3775,树上,1
3776,！！！！！！！,1
3777,时期,2
3778,暂时,1
3779,任何,3
3780,选手,1
3781,裁判,1
3782,裁判组,1
3783,感恩,1
3784,学费,4
3785,费全免,2
3786,全免,2
3787,买得,3
3788,买得起,3
3789,眼时,1
3790,安全感,1
3791,大水,1
3792,水漫,1
3793,漫灌,1
3794,精准,2
3795,到手,2
3796,难办,1
3797,螺旋,1
3798,说得好,6
3799,发债,1
3800,第三,1
3801,第三次,1
3802,转型,5
3803,概念,6
3804,宽带,1
3805,能源,1
3806,几样,1
3807,没给,1
3808,后生,1
3809,意愿,3
3810,降薪,2
3811,一万,10
3812,来源,1
3813,来源于,1
3814,源于,1
3815,保障,10
3816,恐慌,2
3817,铁饭,2
3818,铁饭碗,2
3819,饭碗,2
3820,事业,3
3821,事业单位,1
3822,管保,1
3823,落地,1
3824,地球,5
3825,贴到,1
3826,三岁,5
3827,五万,2
3828,再生,2
3829,再生产,1
3830,50w,1
3831,论文,1
3832,冲了,4
3833,普及,1
3834,橡胶,1
3835,暴涨,4
3836,无赖,1
3837,奶粉,11
3838,停,4
3839,利民,1
3840,没到,1
3841,四岁,1
3842,至今,2
3843,已,2
3844,话费,2
3845,六万,1
3846,六万多,1
3847,吞金,1
3848,兽,2
3849,目光,1
3850,目光短浅,1
3851,短浅,1
3852,保命,12
3853,东拉西扯,1
3854,拉西,1
3855,？？？？？,2
3856,培养,1
3857,用户,2
3858,使用量,1
3859,用量,1
3860,建设,7
3861,比喻,2
3862,看不懂,5
3863,尿不湿,1
3864,零头,1
3865,救治,1
3866,穷死,1
3867,讲到,2
3868,不耐,1
3869,饿,2
3870,外地,4
3871,混,3
3872,涨工资,5
3873,没想到,2
3874,想到,4
3875,赶上,6
3876,互联,3
3877,互联网,3
3878,联网,3
3879,金融业,1
3880,全球,5
3881,全球化,1
3882,没赶,1
3883,撑死,2
3884,没上,2
3885,上过,2
3886,各种,10
3887,种养,1
3888,实在太,1
3889,啥事,3
3890,要到,1
3891,报销,2
3892,支付,1
3893,劳务,1
3894,劳务费,1
3895,以人为本,1
3896,人为,2
3897,本,2
3898,跑题,1
3899,耐心,2
3900,下辈,1
3901,下辈子,1
3902,网络,4
3903,发达,2
3904,看不到,3
3905,怎样,1
3906,丈母,1
3907,丈母娘,1
3908,准,2
3909,婆婆,1
3910,锅,4
3911,题得,1
3912,哪些,1
3913,立场,1
3914,来看,2
3915,连住,1
3916,觉悟,1
3917,意识,3
3918,跟着,4
3919,][,2
3920,乐观,1
3921,关于,1
3922,没说到,1
3923,分生,1
3924,育,2
3925,标题,2
3926,党,1
3927,以偏概全,1
3928,未通,1
3929,通路,1
3930,外出,1
3931,百年,2
3932,过后,1
3933,根,1
3934,赶,2
3935,西南,1
3936,一个两岁,1
3937,两岁,1
3938,两岁半,1
3939,折算,1
3940,疲惫,1
3941,时常,1
3942,想着,3
3943,睡着,1
3944,绝对,6
3945,随你便,1
3946,早睡,3
3947,早睡早起,2
3948,早起,3
3949,内容,2
3950,竟然,6
3951,豆瓣,1
3952,发表,1
3953,言论,1
3954,被删,1
3955,删了,1
3956,子关,2
3957,鸟,2
3958,来说,6
3959,内部,1
3960,扔,1
3961,挡风,1
3962,风声,1
3963,条件,3
3964,受苦,2
3965,空,40
3966,不明,1
3967,推迟,1
3968,生产关系,1
3969,系上,1
3970,合适,1
3971,这辈子,2
3972,绝后,1
3973,偏题,1
3974,弹幕,13
3975,没看,5
3976,比国,1
3977,环保,1
3978,实发,1
3979,在生活中,1
3980,中用,1
3981,科研,1
3982,分离,1
3983,罐,1
3984,广大,1
3985,？？！？？,1
3986,胎盘,1
3987,楼盘,3
3988,发给,1
3989,妈呀,2
3990,照,1
3991,精密,1
3992,一个样,1
3993,搞笑,5
3994,愿,1
3995,不稳,1
3996,不稳固,1
3997,稳固,1
3998,好处,2
3999,长久,1
4000,上策,1
4001,计生,2
4002,大点,1
4003,建议,6
4004,实名,1
4005,多二,1
4006,大厂,1
4007,裁员,2
4008,剩,2
4009,一点点,1
4010,点点,1
4011,媳妇,3
4012,娶,2
4013,正解,3
4014,只不过,4
4015,差距,4
4016,远远,2
4017,远远不够,2
4018,不止,5
4019,这点,7
4020,一年级,1
4021,补课,2
4022,补补,1
4023,初三,1
4024,病变,1
4025,日益,1
4026,日益增长,1
4027,价差,1
4028,，，，，,3
4029,成年人,3
4030,多多,2
4031,多多益善,1
4032,想法,3
4033,顾虑,1
4034,蓝图,1
4035,害,1
4036,下沉,1
4037,及,1
4038,市地,1
4039,地铁,2
4040,震,1
4041,痛,1
4042,半辈子,2
4043,预计,1
4044,大半,1
4045,大半辈子,1
4046,成员,1
4047,支撑,1
4048,五口,1
4049,五口之家,1
4050,之家,1
4051,上城,1
4052,爱国,1
4053,没办,4
4054,办法,8
4055,民族,4
4056,延续,2
4057,延续下去,1
4058,能带,2
4059,带动,1
4060,失地,1
4061,失,4
4062,患,12
4063,寡,6
4064,不均,6
4065,错误,2
4066,或是,1
4067,养不起,2
4068,现实,2
4069,信,6
4070,鬼,3
4071,就算,5
4072,教学,1
4073,走出,1
4074,大山,2
4075,怎么样,2
4076,既要,4
4077,储蓄,2
4078,储蓄率,1
4079,申请,4
4080,请到,2
4081,够买,1
4082,敲,2
4083,键盘,2
4084,有用,7
4085,屁用,6
4086,再见,1
4087,美其名,2
4088,美其名曰,2
4089,名曰,2
4090,竞技,1
4091,精神,2
4092,der,2
4093,育儿,4
4094,前排,1
4095,提醒,1
4096,文学,1
4097,退出,1
4098,选择题,1
4099,改变,2
4100,安居,4
4101,安居乐业,3
4102,乐业,5
4103,前年,1
4104,事儿,2
4105,？！？,1
4106,4g,3
4107,中产,1
4108,现代化,1
4109,降低,5
4110,罗斯福,1
4111,味儿,1
4112,独生,2
4113,独生子,1
4114,独生子女,1
4115,生子,1
4116,子女,1
4117,抠,1
4118,火星,3
4119,德行,1
4120,收音,1
4121,收音机,1
4122,维修,1
4123,后学,1
4124,bbji,1
4125,愿不愿,3
4126,愿不愿意,3
4127,新建,1
4128,宅基,3
4129,宅基地,3
4130,基地,4
4131,评论,3
4132,桶,1
4133,不够看,1
4134,碳,1
4135,中和,1
4136,基金,15
4137,金都,2
4138,emmm,1
4139,寻思,1
4140,先报,1
4141,外国,1
4142,1G,2
4143,每秒,3
4144,多余,1
4145,下载,1
4146,G,2
4147,没影,1
4148,1g,1
4149,二人,1
4150,点名,2
4151,两男两女,1
4152,睡眠,1
4153,双休,1
4154,查查,1
4155,休,2
4156,提,2
4157,法拉,6
4158,法拉利,6
4159,优惠券,2
4160,阿婆,4
4161,海内,1
4162,内环,1
4163,2022,1
4164,奇奇,1
4165,奇奇怪怪,1
4166,怪怪,2
4167,怪怪的,2
4168,关了,2
4169,生下,6
4170,石家,1
4171,石家庄,1
4172,家庄,1
4173,月薪,4
4174,2800,1
4175,告,1
4176,雨,1
4177,瓜,4
4178,好不好,1
4179,财政,2
4180,能解,1
4181,简直,3
4182,不晓,1
4183,晓得,1
4184,山区,1
4185,超一,1
4186,所见,1
4187,所见所闻,1
4188,所闻,1
4189,不进则退,1
4190,亡,1
4191,以来,2
4192,商品房,2
4193,面积,1
4194,户型,1
4195,不适,4
4196,适合,3
4197,合住,2
4198,太小,1
4199,姐,1
4200,多难,1
4201,科技进步,1
4202,进步,1
4203,否则,4
4204,做出,1
4205,狗,8
4206,泪,1
4207,目,1
4208,非要,4
4209,讨论,3
4210,宝马,1
4211,资格,2
4212,霸道,1
4213,总裁,1
4214,须要,2
4215,加大,2
4216,表明,1
4217,表明态度,1
4218,态度,1
4219,淀粉,1
4220,粉肠,1
4221,一根,2
4222,等于,3
4223,弄,1
4224,支持,20
4225,星,1
4226,链,1
4227,计划,2
4228,不配,3
4229,长成,1
4230,什么样,1
4231,偏向,1
4232,懒,3
4233,赢,4
4234,轮不到,2
4235,利好,5
4236,女性,3
4237,太大,16
4238,费劲,2
4239,杭州,2
4240,新手,2
4241,新手机,1
4242,智慧,2
4243,JPG,1
4244,生出,2
4245,读完,1
4246,书,2
4247,7000,1
4248,升高,2
4249,控,2
4250,一次性,1
4251,半,1
4252,毛钱,1
4253,减半,1
4254,生养,1
4255,产从,1
4256,从业,2
4257,从业者,2
4258,业者,2
4259,不收,1
4260,收工,1
4261,工本,1
4262,工本费,1
4263,的确如此,1
4264,孕,1
4265,龄,1
4266,妇女,1
4267,零,2
4268,朋友圈,1
4269,留言,1
4270,上下,2
4271,顶用,1
4272,必要,3
4273,充分,1
4274,充分条件,1
4275,白菜,2
4276,适用,1
4277,cpi,2
4278,然,1
4279,基本上,1
4280,没生,2
4281,乞丐,3
4282,两手,3
4283,两手抓,1
4284,些个,1
4285,发不,1
4286,铁,3
4287,666,6
4288,显然,2
4289,no,3
4290,嘞,2
4291,朋友家,1
4292,5k,1
4293,即要,1
4294,仰望,1
4295,望星空,1
4296,星空,1
4297,脚踏,3
4298,脚踏实地,1
4299,踏实,1
4300,实地,1
4301,神经,1
4302,神经病,1
4303,有钱人,16
4304,不适感,1
4305,路径,1
4306,依赖,2
4307,复吸,1
4308,多久,5
4309,杯水,1
4310,杯水车薪,1
4311,水车,1
4312,薪,1
4313,空洞,1
4314,一半多,1
4315,半多,1
4316,重修,1
4317,修改,1
4318,改造,2
4319,转,5
4320,原材,1
4321,原材料,1
4322,材料,2
4323,击剑,2
4324,几胎,1
4325,五千,1
4326,育成,2
4327,解决办法,1
4328,模样,1
4329,那句话,1
4330,看得,2
4331,富强,1
4332,却,2
4333,因果,1
4334,因果报应,1
4335,果报,1
4336,报应,1
4337,归,4
4338,一罐,2
4339,点过,1
4340,四五,2
4341,四五百,1
4342,五百,1
4343,百一,1
4344,国产,1
4345,外货,1
4346,九十,1
4347,九十年,1
4348,九十年代,1
4349,十年代,1
4350,末,1
4351,多发,1
4352,大房,1
4353,大房子,1
4354,子房,2
4355,房间,2
4356,不信,3
4357,口味,1
4358,配方,1
4359,蹬,1
4360,三轮,2
4361,开饭,1
4362,发套,1
4363,出声,1
4364,锤子,6
4365,偏远地区,1
4366,一片,4
4367,大好,2
4368,不如说,2
4369,依赖性,1
4370,夜壶,1
4371,替代,1
4372,更惨,1
4373,体验,1
4374,换回,1
4375,适应,1
4376,占用,1
4377,奖励,1
4378,会东,1
4379,集体,4
4380,公平,1
4381,火速,1
4382,分钱,1
4383,experience,1
4384,心气,1
4385,心气儿,1
4386,气儿,1
4387,剧,1
4388,疼痛,1
4389,欠,4
4390,高档,1
4391,苟活,1
4392,再造,1
4393,带到,1
4394,苦难,1
4395,活下去,3
4396,黔驴,1
4397,黔驴技穷,1
4398,技穷,1
4399,大海,3
4400,一箭双,1
4401,一箭双雕,1
4402,申领,1
4403,回事,3
4404,连个,1
4405,钟点,1
4406,钟点工,1
4407,上课,1
4408,考试,1
4409,离,1
4410,真远,1
4411,把手,1
4412,关闭,1
4413,码,1
4414,种,1
4415,活力,1
4416,四海,1
4417,生点,3
4418,道破,1
4419,东,3
4420,还愿,1
4421,基,1
4422,慢慢,3
4423,改,4
4424,一蹴而就,1
4425,一万五,1
4426,苟,1
4427,好人,1
4428,大头,5
4429,2W,1
4430,人均收入,1
4431,收入水平,1
4432,入水,1
4433,停留,1
4434,留在,1
4435,3K,2
4436,硬,1
4437,活得,1
4438,没法,4
4439,偏要,1
4440,一股脑,1
4441,硬着头皮,1
4442,头皮,1
4443,四分,1
4444,四分钟,1
4445,后视,1
4446,值得,3
4447,格局,1
4448,有心,1
4449,代码,2
4450,想不通,1
4451,不通,1
4452,悲观,2
4453,谁给我,1
4454,照顾,1
4455,it,1
4456,光棍,2
4457,保平,1
4458,平稳,1
4459,更是,1
4460,信息,3
4461,信息化,1
4462,~~~~~~,1
4463,非常简单,1
4464,蓝字,1
4465,逗笑,1
4466,油价,2
4467,铁公鸡,1
4468,公鸡,1
4469,日,3
4470,料,1
4471,二桶,1
4472,尿布,1
4473,球,1
4474,德,11
4475,升级,2
4476,欧美,1
4477,美加,1
4478,每人,3
4479,美金,6
4480,彩礼,1
4481,能乐,1
4482,留守,1
4483,事实,5
4484,事实上,2
4485,淦,5
4486,邦,3
4487,再加,3
4488,TM,2
4489,可见,2
4490,可见一斑,1
4491,一斑,1
4492,有线,1
4493,无需,1
4494,抵押,6
4495,12345,1
4496,一个家,1
4497,子长,1
4498,要不是,1
4499,足球,1
4500,足球队,1
4501,球队,1
4502,92,1
4503,油条,1
4504,损害,1
4505,按照,1
4506,周岁,1
4507,散养,1
4508,如不,1
4509,军事,1
4510,用途,1
4511,好好学,1
4512,好好学习,1
4513,好学,1
4514,物资,2
4515,八线,2
4516,7k,1
4517,资才,1
4518,3k,1
4519,个儿,2
4520,儿子,3
4521,群众,8
4522,重中之重,1
4523,高考,2
4524,考取,1
4525,2w,1
4526,够学,1
4527,编剧,1
4528,属实,1
4529,一言难尽,1
4530,鸭,1
4531,玩意,2
4532,玩意儿,2
4533,已婚,1
4534,小孩子,1
4535,大人,2
4536,全要,1
4537,人愿,1
4538,˶⍤⃝˶꒳ᵒ꒳ᵎᵎᵎ,1
4539,先考,1
4540,我会,1
4541,文章,2
4542,依据,1
4543,简介,1
4544,医疗费,1
4545,能到,2
4546,最快,2
4547,覆盖,1
4548,覆盖率,1
4549,摆,1
4550,烂,1
4551,平生,1
4552,要为,1
4553,不择,1
4554,不择手段,1
4555,手段,1
4556,会动,1
4557,动荡,1
4558,动荡不安,1
4559,不安,1
4560,＠,2
4561,意外,3
4562,怀孕,1
4563,补助金,1
4564,家养,1
4565,不什,1
4566,不怕,4
4567,不惯,1
4568,拉肚子,1
4569,肚子,1
4570,保价,1
4571,盘算,1
4572,输,3
4573,专家,4
4574,儿孙,6
4575,儿孙自有,2
4576,孙自有,2
4577,自有,2
4578,福,5
4579,享福,2
4580,压,4
4581,肯,1
4582,走路,1
4583,果断,1
4584,教养,1
4585,仨,1
4586,加油,34
4587,判断,1
4588,稳定,4
4589,娃儿,1
4590,存续,1
4591,续存,1
4592,存亡,2
4593,较重,1
4594,唉,3
4595,降下,3
4596,降下来,3
4597,稳定性,1
4598,定性,1
4599,越来越低,1
4600,国企,3
4601,难解,1
4602,价高,2
4603,敢找,1
4604,找对象,1
4605,产业化,1
4606,罪恶,1
4607,根源,2
4608,叫花子,1
4609,花子,1
4610,负债率,1
4611,不应,4
4612,半点,1
4613,图标,1
4614,丧偶,1
4615,低迷,1
4616,华为,2
4617,拿到,2
4618,手软,1
4619,有用吗,2
4620,提到,1
4621,基站,1
4622,不得不,1
4623,电信,1
4624,告辞,1
4625,疑问,1
4626,绿色,2
4627,得来,1
4628,逗,2
4629,技术,3
4630,技术工,1
4631,评估,1
4632,还债,1
4633,贷个,3
4634,下面,2
4635,打破,1
4636,美元,11
4637,霸权,1
4638,吃不饱,2
4639,银川,2
4640,打垮,1
4641,小数,1
4642,小数点,1
4643,数点,1
4644,去掉,1
4645,温,1
4646,无敌,1
4647,能流,1
4648,流到,4
4649,可比,2
4650,比德,1
4651,德国,1
4652,德国人,1
4653,定能,1
4654,调料,1
4655,种类,1
4656,平时,1
4657,联系,1
4658,两罐,1
4659,高材,1
4660,高材生,1
4661,姨,1
4662,科学,1
4663,学制,1
4664,制度,2
4665,文化,2
4666,预算,1
4667,正用,1
4668,论点,1
4669,稳,2
4670,接地,2
4671,地气,1
4672,地府,1
4673,数列,1
4674,公式,1
4675,醐,1
4676,电光,1
4677,灵,1
4678,闪开,1
4679,开窍,1
4680,后悔,2
4681,混一,1
4682,没吃过,1
4683,粥,1
4684,包租,1
4685,包租公,1
4686,指手画脚,1
4687,说三道四,1
4688,三道,1
4689,丢人,1
4690,献丑,1
4691,三千,2
4692,辣,1
4693,难倒,1
4694,保证,2
4695,消费力,1
4696,费力,1
4697,求职,1
4698,友好,1
4699,年龄段,1
4700,我国,2
4701,类型,3
4702,哪位,1
4703,现,2
4704,教教,1
4705,将来,3
4706,留给,2
4707,贪心,1
4708,明白人,1
4709,白人,1
4710,建起,1
4711,汇率,1
4712,干什么,4
4713,处于,1
4714,第二,5
4715,第二次,1
4716,二次,2
4717,拐卖,1
4718,用人,1
4719,人工成本,1
4720,生病,1
4721,看病,1
4722,集体性,1
4723,体性,1
4724,近在,1
4725,近在眼前,1
4726,眼前,1
4727,→,4
4728,费钱,1
4729,学位,1
4730,贪,1
4731,经历,1
4732,挑,2
4733,oee,1
4734,央,1
4735,企,3
4736,悲哀,3
4737,尼玛,1
4738,该是,9
4739,仓,3
4740,抚育,1
4741,白天鹅,1
4742,天鹅,1
4743,上天,3
4744,白杨,1
4745,竖起,1
4746,破烂,1
4747,高价,1
4748,后代,1
4749,一个名,1
4750,名堂,1
4751,浙江,1
4752,几万,2
4753,口头,2
4754,支票,1
4755,有感,1
4756,五元,2
4757,券,2
4758,得了吧,2
4759,打仗,1
4760,先上,2
4761,升,3
4762,几倍,2
4763,归宿,1
4764,监狱,1
4765,啃,3
4766,打,14
4767,仗,1
4768,全选,1
4769,长沙,4
4770,认真,1
4771,公有,1
4772,惨,3
4773,茅子,1
4774,总共,1
4775,三驾,1
4776,马车,1
4777,秀,1
4778,何,1
4779,猛子,1
4780,块根,1
4781,养育,1
4782,对外,1
4783,扩张,1
4784,男孩,1
4785,能免,1
4786,免息,1
4787,想来,1
4788,世上,1
4789,学历,2
4790,付出,2
4791,发工资,1
4792,遍,1
4793,体检,1
4794,xuan,1
4795,养得,1
4796,病,2
4797,4000,3
4798,贴进,1
4799,贴进去,1
4800,周围,2
4801,金子,1
4802,银子,1
4803,高贵,1
4804,直说,1
4805,狗命,1
4806,欲望,1
4807,脱离,1
4808,森林,3
4809,还给,4
4810,自然界,1
4811,拥挤,1
4812,密集,2
4813,恐惧症,1
4814,往,6
4815,高处,1
4816,流失,1
4817,中华,1
4818,中华民族,1
4819,被迫,1
4820,己所不欲,1
4821,勿施于人,1
4822,二代,1
4823,多一倍,1
4824,一倍,6
4825,劳斯莱斯,1
4826,莱斯,1
4827,幻影,1
4828,着急,17
4829,好歹,2
4830,聚,1
4831,一桌,1
4832,麻将,1
4833,福气,1
4834,满满,1
4835,真好,2
4836,可喜,12
4837,可喜可贺,12
4838,可贺,12
4839,热,1
4840,议,1
4841,空地,1
4842,盖房,3
4843,出车,2
4844,出车祸,2
4845,车祸,2
4846,超速,2
4847,就让,2
4848,废弃,1
4849,占,6
4850,大自然,2
4851,警戒,2
4852,警戒线,2
4853,调低,1
4854,匀出,1
4855,house,1
4856,牛排,1
4857,盖楼,2
4858,正数,1
4859,带头,3
4860,头生,1
4861,好日子,1
4862,日子,3
4863,力,4
4864,基因,2
4865,工蜂,1
4866,接着,5
4867,奏乐,1
4868,小张,2
4869,咱俩,1
4870,一块儿,1
4871,块儿,1
4872,生儿,1
4873,太棒,2
4874,太棒了,2
4875,小头,1
4876,还用,1
4877,五十,3
4878,五十年,3
4879,”？,1
4880,大叔,1
4881,那可真,4
4882,减轻负担,1
4883,决选,1
4884,听成,1
4885,很着急,2
4886,~~,1
4887,矿泉,1
4888,矿泉水,1
4889,泉水,1
4890,振兴,5
4891,振兴老,1
4892,成果,1
4893,传来,1
4894,好消息,7
4895,消息,8
4896,过于,2
4897,集中,5
4898,庆祝,1
4899,接踵,1
4900,接踵而至,1
4901,特大,2
4902,大喜,2
4903,喜讯,2
4904,饥寒,1
4905,饥寒交迫,1
4906,交迫,1
4907,收税,1
4908,那年,1
4909,正视,1
4910,瞎转,1
4911,移到,3
4912,强制,4
4913,罚款,1
4914,同归,1
4915,同归于尽,1
4916,归于,1
4917,预,2
4918,判,1
4919,福报,1
4920,不重,4
4921,面对,2
4922,对生,1
4923,兰,1
4924,五,1
4925,竞争,1
4926,调节,1
4927,1300,4
4928,紧张,1
4929,13,2
4930,薅,1
4931,羊毛,4
4932,94,1
4933,下岗,1
4934,还清,1
4935,清净,1
4936,竟是,3
4937,其中,2
4938,水分,2
4939,哪怕,1
4940,洲,1
4941,繁衍,1
4942,世界各地,1
4943,各地,1
4944,年内,2
4945,形势,1
4946,解决不了,1
4947,内心,1
4948,波动,1
4949,大兴,1
4950,大兴安岭,1
4951,兴安,1
4952,兴安岭,1
4953,续保,1
4954,保持,1
4955,用工,1
4956,dddd,1
4957,被抛弃了,1
4958,抛弃,1
4959,打战,1
4960,管用,2
4961,虎视,1
4962,虎视眈眈,1
4963,眈眈,1
4964,来不及,1
4965,很快,1
4966,生物,1
4967,净土,1
4968,舍不得,1
4969,给钱,1
4970,南西,1
4971,珠海,1
4972,准确,2
4973,真是太,2
4974,类,1
4975,南方,2
4976,经济基础,1
4977,挪,1
4978,北一,2
4979,冷,3
4980,利车,1
4981,要饭,1
4982,碗,2
4983,副作用,1
4984,肘,1
4985,进屋,1
4986,海南,5
4987,光头,1
4988,活到,1
4989,喜,2
4990,普,2
4991,奔,2
4992,不关我事,1
4993,十四,1
4994,四亿,1
4995,六亿,1
4996,130,1
4997,探索,4
4998,维持,2
4999,正,2
5000,磁极,1
5001,子午,3
5002,南北,1
5003,南北极,1
5004,北极,1
5005,缝针,1
5006,测,1
5007,日影,1
5008,圭臬,1
5009,不在乎,2
5010,在乎,3
5011,不着,2
5012,ohhhhhhhhhhhhhhhhhhhhhh,1
5013,看出,3
5014,一点儿,1
5015,点儿,1
5016,喊,3
5017,口号,5
5018,不振,1
5019,绝种,1
5020,美利,2
5021,美利坚,2
5022,消极,1
5023,先生,2
5024,两三千,1
5025,有无,1
5026,一百多万,1
5027,多万,1
5028,ざまみろ！,1
5029,拍手,1
5030,拍手叫绝,1
5031,叫绝,1
5032,秒,3
5033,十二,1
5034,二小,1
5035,三班,1
5036,三班倒,1
5037,领先,2
5038,共存,1
5039,共存亡,1
5040,安置,1
5041,大力,1
5042,受,1
5043,一遍,1
5044,巴,1
5045,ne,1
5046,出海,1
5047,出海口,1
5048,海口,1
5049,向东,1
5050,北人,9
5051,放心,4
5052,全员,1
5053,透过,1
5054,摧毁,1
5055,崽子,1
5056,早知,1
5057,视而不见,1
5058,不见,2
5059,要不了,1
5060,一夫,2
5061,一夫多妻,2
5062,多妻,2
5063,还值,1
5064,值钱,2
5065,不育,1
5066,芳龄,1
5067,永,1
5068,有的是,2
5069,出差,1
5070,方生,1
5071,吊,3
5072,撑住,2
5073,南方人,1
5074,方人,1
5075,见过世面,1
5076,过世,1
5077,世面,1
5078,商量,1
5079,丁克,1
5080,跌破,1
5081,自以,1
5082,自以为是,1
5083,四胎,1
5084,复古,1
5085,马,18
5086,养起,1
5087,养起来,1
5088,回游,1
5089,游牧,1
5090,游牧民,1
5091,游牧民族,1
5092,牧民,1
5093,多种,1
5094,种树,1
5095,勉强,1
5096,死光,1
5097,故而,2
5098,硬气,2
5099,光,6
5100,笑话,3
5101,各省,1
5102,够急,1
5103,严峻,1
5104,哔,4
5105,赖,2
5106,怪,4
5107,流动,3
5108,流动人口,1
5109,动人,1
5110,搬迁,1
5111,老大,17
5112,shi,1
5113,不急,1
5114,164,1
5115,生态,2
5116,光是,2
5117,层面,1
5118,粮食,3
5119,粮食安全,1
5120,拿下,1
5121,大饼,1
5122,冲,10
5123,克隆,1
5124,均衡,1
5125,第一个,1
5126,冬天,1
5127,各,2
5128,岗位,3
5129,较,1
5130,下调,1
5131,女,3
5132,陈,1
5133,浩,1
5134,南,2
5135,拽,1
5136,老头,1
5137,老头子,1
5138,头子,2
5139,不平,1
5140,平衡,1
5141,没事干,1
5142,与我无关,1
5143,无关,2
5144,能留,1
5145,留住,1
5146,退耕,1
5147,退耕还林,1
5148,之内,1
5149,极速,1
5150,衰退,1
5151,别搞,1
5152,疫苗,1
5153,大指,1
5154,指标,1
5155,居住,2
5156,建国,1
5157,建国初期,1
5158,初期,1
5159,迁入,1
5160,矿产,1
5161,矿产资源,1
5162,迁移,1
5163,保护区,1
5164,岂,1
5165,不妙,1
5166,妙哉,1
5167,环境,2
5168,休闲,1
5169,节奏,2
5170,饭,1
5171,改善,2
5172,作,1
5173,倒数,1
5174,巨头,11
5175,够吃,1
5176,顾及,1
5177,脸面,1
5178,不要脸,1
5179,要脸,1
5180,时隔,1
5181,针对,2
5182,第一胎,1
5183,尼,1
5184,咋样,1
5185,姑娘,1
5186,这时,3
5187,这时候,3
5188,套用,1
5189,失望,1
5190,上当,3
5191,上当受骗,1
5192,受骗,1
5193,社,1
5194,畜,1
5195,坏心,1
5196,心思,1
5197,免费送,1
5198,大快人心,1
5199,同性,1
5200,主持,1
5201,主持人,1
5202,生老病死,2
5203,老病,3
5204,病死,2
5205,更快,3
5206,种粮,1
5207,借用,1
5208,周星星,1
5209,星星,2
5210,嫌人,2
5211,做饭,1
5212,北欧,1
5213,法,1
5214,龙兴,1
5215,发动,1
5216,龙脉,1
5217,养活,1
5218,受罪,1
5219,母亲,1
5220,强行,1
5221,揭,1
5222,瓦,1
5223,看成,2
5224,不快,1
5225,快点,2
5226,点回去,1
5227,灭亡,2
5228,TMB,1
5229,调查,2
5230,干的事,1
5231,佛,1
5232,渡,1
5233,不当,2
5234,取决,1
5235,取决于,1
5236,皇上,1
5237,撒,1
5238,来世,2
5239,遍地,1
5240,消除,1
5241,贫苦,2
5242,绝户,1
5243,广州话,1
5244,誓死,1
5245,做东,1
5246,符合国情,1
5247,国情,1
5248,再接再厉,1
5249,争取,1
5250,一千万,1
5251,东北地区,1
5252,北地,2
5253,航母,1
5254,民生,1
5255,看不出,1
5256,看不出来,1
5257,满嘴,1
5258,流,3
5259,油,1
5260,生二胎,1
5261,刷,3
5262,检查,1
5263,人学,1
5264,向,3
5265,孤独,1
5266,终老,1
5267,完事,1
5268,quan,1
5269,juaner,1
5270,方言,1
5271,女子,1
5272,耳,2
5273,阝,1
5274,阴间,2
5275,年纪轻轻,1
5276,轻轻,1
5277,试,2
5278,富豪,2
5279,先别,1
5280,两座,1
5281,跨过,1
5282,海南岛,1
5283,南岛,1
5284,分类,1
5285,着装,1
5286,示范,1
5287,登,1
5288,满口,1
5289,仁义,1
5290,仁义道德,1
5291,搁,1
5292,十,1
5293,顿饭,1
5294,没饭,1
5295,北,1
5296,弱,1
5297,无疑,1
5298,蜉蝣,1
5299,撼,1
5300,大树,1
5301,金融市场,3
5302,丰富,1
5303,有鬼,1
5304,逐步,1
5305,置,1
5306,两套,3
5307,总该,1
5308,过日子,1
5309,下次,3
5310,使,2
5311,感到,1
5312,把风,1
5313,钱袋,1
5314,钱袋子,1
5315,袋子,1
5316,真妙,1
5317,背景音乐,16
5318,Promise,5
5319,山冈,3
5320,晃,3
5321,反手,1
5322,视角,3
5323,寂寞,2
5324,通道,1
5325,焊,1
5326,口袋,1
5327,收口,1
5328,转嫁到,1
5329,嫁到,1
5330,人身,1
5331,羊毛出在,3
5332,羊毛出在羊身上,3
5333,迈,1
5334,流进,1
5335,实业,9
5336,lpr,8
5337,尝到,3
5338,甜头,4
5339,表面,1
5340,经营性,1
5341,高利,4
5342,高利率,2
5343,瑞,4
5344,拜,3
5345,到头,1
5346,买单,5
5347,流向,3
5348,永动机,1
5349,动机,1
5350,掏钱,1
5351,惊,2
5352,惊喜,2
5353,喜意,1
5354,不意,2
5355,三元,1
5356,九运,1
5357,诚,1
5358,欺,1
5359,相同,1
5360,同工,1
5361,不往,1
5362,居民,3
5363,吓,1
5364,瑟瑟,1
5365,发抖,1
5366,缩水,2
5367,台车,1
5368,中青,1
5369,中青年,1
5370,色彩,1
5371,大方,1
5372,大方向,1
5373,方向,1
5374,相减,1
5375,相加,1
5376,出租,2
5377,出租屋,1
5378,租屋,1
5379,先知,1
5380,先知先觉,1
5381,先觉,1
5382,两眼,1
5383,焦点,1
5384,永远都是,2
5385,后知后觉,1
5386,反抗,1
5387,既存,1
5388,博弈,2
5389,沙哑,1
5390,磁性,1
5391,花开,1
5392,百花,1
5393,做好,2
5394,每一件,1
5395,一件,1
5396,背离,1
5397,按劳分配,1
5398,宗旨,1
5399,疯长,1
5400,音像,2
5401,芒果,1
5402,冰,1
5403,困住,1
5404,祖上,1
5405,积蓄,1
5406,拿出,1
5407,撞墙,1
5408,拐,1
5409,慢点,1
5410,太晚,1
5411,很严,1
5412,家住,1
5413,防止,1
5414,黑心,1
5415,企业家,1
5416,高科技,1
5417,科技实业,1
5418,敞开,1
5419,大行,2
5420,挤出,1
5421,挤出来,1
5422,那样,4
5423,价低,1
5424,回乡,1
5425,乡村,2
5426,固化,1
5427,下放,2
5428,工作岗位,1
5429,直辖,1
5430,直辖市,1
5431,退位,1
5432,站起,2
5433,旧村,1
5434,熬过,2
5435,端,4
5436,最惨,1
5437,品味,1
5438,寂静,37
5439,寂静岭,36
5440,家宅,1
5441,传给,1
5442,何乐不为,1
5443,最怕,1
5444,通缩,1
5445,家财,1
5446,长篇,1
5447,长篇大论,1
5448,最先,1
5449,突然,4
5450,熟悉,1
5451,promise,9
5452,经理,1
5453,抱团,4
5454,白酒,1
5455,正式,1
5456,开启,1
5457,池子,1
5458,掏出,1
5459,高行,1
5460,门槛,2
5461,化,8
5462,上帝,5
5463,撒旦,2
5464,大跌,2
5465,说好,1
5466,生活用品,1
5467,活用,1
5468,用品,1
5469,好头,2
5470,王力宏,1
5471,爱错,1
5472,退一步,3
5473,退一步海,3
5474,海阔天空,3
5475,天空,3
5476,看图,1
5477,图表,1
5478,长远,1
5479,放出,1
5480,放出去,1
5481,把住,1
5482,奢望,1
5483,购房,2
5484,购房者,2
5485,振动,1
5486,频率,1
5487,适,1
5488,喧宾夺主,1
5489,低头,1
5490,经卷,1
5491,两三万,1
5492,三万,1
5493,待,1
5494,后发,1
5495,现有,3
5496,吸收,1
5497,专业名词,1
5498,名词,1
5499,晕头,1
5500,晕头转向,1
5501,转向,1
5502,威胁,1
5503,凡尔,1
5504,凡尔赛,1
5505,车市,1
5506,塑,1
5507,影,1
5508,首套,15
5509,一切,2
5510,赶到,2
5511,西北,1
5512,西北地区,1
5513,盖,5
5514,浮动,5
5515,防空,1
5516,85,2
5517,再聊,1
5518,止损,1
5519,无锡,5
5520,怒,3
5521,排,2
5522,规避,1
5523,避风,1
5524,带不带,1
5525,背下,1
5526,下风,1
5527,大连,6
5528,忘,1
5529,bjm,2
5530,成都,5
5531,西安,1
5532,皮,1
5533,套利,1
5534,究竟,1
5535,幸亏,1
5536,弱势,3
5537,弱势群体,2
5538,群体,2
5539,郑州,4
5540,合理,4
5541,额度,5
5542,早晚,2
5543,收回,2
5544,玉皇,1
5545,玉皇大帝,1
5546,大帝,1
5547,不得了,1
5548,救命,2
5549,砍死,1
5550,全程,1
5551,原声,1
5552,几千万,1
5553,88,11
5554,火大,1
5555,掌握,1
5556,手上,1
5557,再创,1
5558,不准,1
5559,忘记,1
5560,自爆,3
5561,同时,1
5562,别离,1
5563,变天,1
5564,想有,1
5565,入学,1
5566,问计,1
5567,计算机专业,1
5568,到哪去,1
5569,LPR,4
5570,深意,1
5571,面对现实,1
5572,声,3
5573,达摩,1
5574,克斯,1
5575,剑,1
5576,信号,1
5577,干事,1
5578,想开,1
5579,开口,1
5580,停下,1
5581,翻身,1
5582,洪水,1
5583,动物,1
5584,山上,1
5585,山洞,1
5586,对策,1
5587,执行,1
5588,执行力,1
5589,高利贷,2
5590,受伤,3
5591,慌,1
5592,凑合,1
5593,音乐声,3
5594,乐声,3
5595,更为,1
5596,感动,1
5597,一月,2
5598,一月份,2
5599,月份,4
5600,好评,9
5601,蒜皮,1
5602,诞生,3
5603,排出,1
5604,口水,1
5605,斗,1
5606,不便,2
5607,或许,1
5608,关心,1
5609,投机者,1
5610,退场,1
5611,理性,1
5612,响,1
5613,GKD,1
5614,没下,2
5615,下跌,3
5616,债,1
5617,命运,1
5618,擦,1
5619,防住,1
5620,幸好,1
5621,多花钱,1
5622,推销,1
5623,面有,3
5624,解读,3
5625,详细,1
5626,翻了一番,2
5627,一番,2
5628,房市,2
5629,客,1
5630,多点,1
5631,市上,1
5632,并不需要,1
5633,无奈,2
5634,劲儿,2
5635,移成,1
5636,没钱买,2
5637,收益,1
5638,者,8
5639,一把,5
5640,一把抓,1
5641,有些,3
5642,造,1
5643,续建,1
5644,以至,1
5645,以至于,1
5646,业主,1
5647,办,1
5648,出产,1
5649,此地,1
5650,面,1
5651,苏,1
5652,两百万,1
5653,狂欢,1
5654,翻番,2
5655,牛年,1
5656,躁动,1
5657,麻,2
5658,溜,2
5659,降火,1
5660,大笑,1
5661,饭否,1
5662,上百,1
5663,上百万,1
5664,年度,1
5665,年度报告,1
5666,报告,1
5667,PPT,1
5668,表格,1
5669,一模一样,1
5670,首页,3
5671,通知,4
5672,通知书,3
5673,音量,1
5674,听完,1
5675,过渡,1
5676,过渡期,1
5677,漂,1
5678,三四千,1
5679,四千,1
5680,对公,1
5681,个人消费,1
5682,释放,2
5683,腰斩,2
5684,百分,4
5685,百分之,3
5686,百分之五,1
5687,搞来,2
5688,搞来搞去,2
5689,吃亏,1
5690,续加,1
5691,恐怖,2
5692,听懂,6
5693,就越,1
5694,推向,1
5695,断流,1
5696,坍塌,1
5697,接受,1
5698,范围,1
5699,哥们,1
5700,下半,1
5701,下半年,1
5702,实施,1
5703,讲解,4
5704,要不然,3
5705,72,2
5706,市盈率,1
5707,撑,2
5708,偏僻,2
5709,千一,1
5710,一方,2
5711,绝望,3
5712,无路,1
5713,退,4
5714,各位,1
5715,数值,1
5716,壁,1
5717,金额,1
5718,让开,1
5719,再有,1
5720,闲着,1
5721,大土,1
5722,土豪,1
5723,田地,2
5724,人犯,1
5725,犯困,1
5726,听不进,2
5727,听不进去,2
5728,份额,1
5729,最低,2
5730,就是说,2
5731,这次,6
5732,买房者,1
5733,平米,1
5734,原地,2
5735,出手,1
5736,实,1
5737,2016,1
5738,飞,1
5739,砍掉,1
5740,看来,4
5741,短期内,1
5742,期内,1
5743,一圈,1
5744,成本高,1
5745,生银,1
5746,省会,4
5747,一万块,1
5748,平方,2
5749,别关,1
5750,可要,1
5751,取缔,1
5752,流过,1
5753,火烧,1
5754,火烧眉毛,1
5755,眉毛,1
5756,两三倍,1
5757,三倍,1
5758,记忆,1
5759,中房,1
5760,16,2
5761,两部,1
5762,熄火,2
5763,6K,1
5764,认命,2
5765,上来,2
5766,且,2
5767,乡下,2
5768,公积,2
5769,公积金,2
5770,积金,2
5771,筹,1
5772,天津人,1
5773,能退,1
5774,退到,1
5775,头头,1
5776,头上,1
5777,免费发,2
5778,发放,1
5779,万亿美元,1
5780,亿美元,3
5781,废纸,1
5782,防,1
5783,套路,1
5784,敛财,1
5785,该涨,1
5786,黎明,1
5787,黑夜,1
5788,后房,1
5789,审批,1
5790,严,2
5791,活路,1
5792,图,2
5793,万科,1
5794,玛,1
5795,第二档,1
5796,二档,1
5797,灰,1
5798,犀牛,1
5799,宣布,2
5800,打掉,1
5801,化解,1
5802,信仰,7
5803,建安,1
5804,加利,1
5805,令,1
5806,市里,2
5807,产中,1
5808,突出,1
5809,措施,1
5810,本未倒置,1
5811,倒置,1
5812,6w,1
5813,不贵,1
5814,非非,1
5815,而要,1
5816,优质,3
5817,目标,9
5818,额外,1
5819,外购,1
5820,购置,1
5821,％,1
5822,。。。。。。。。,1
5823,37,3
5824,播放,2
5825,放量,1
5826,无可,2
5827,无可奈何,1
5828,奈何,1
5829,楼上,1
5830,少部分,1
5831,幸存,1
5832,幸存者,1
5833,偏差,1
5834,加拿,1
5835,加拿大,1
5836,大豪,1
5837,豪斯,1
5838,不大,2
5839,T,2
5840,上车,4
5841,主题,1
5842,主题曲,1
5843,小幅,1
5844,小幅度,1
5845,幅度,1
5846,提起,1
5847,恨,1
5848,这儿,1
5849,不屑,1
5850,美国股市,1
5851,哼,1
5852,看书,2
5853,缓冲,6
5854,缓冲期,4
5855,调整,2
5856,小声,2
5857,放大,3
5858,晕,2
5859,它们,3
5860,沈阳,1
5861,县,1
5862,买不到,2
5863,湖心,1
5864,旅馆,1
5865,vip,1
5866,新楼,1
5867,也就是说,1
5868,房事,2
5869,上台,1
5870,立刻,1
5871,多于,1
5872,阿弥陀,1
5873,如来,2
5874,处理,2
5875,广西,1
5876,百色,1
5877,农商,1
5878,商行,1
5879,四大,1
5880,四大行,1
5881,强国,1
5882,轻松,1
5883,做到,1
5884,Bgm,5
5885,字幕,1
5886,听不清,3
5887,信贷,1
5888,驱动,1
5889,无线,1
5890,步,2
5891,后尘,1
5892,江苏,2
5893,江苏省,1
5894,南京,2
5895,起房子,1
5896,只限,1
5897,狂喜,1
5898,立身,1
5899,血亏,1
5900,亏了,5
5901,拍卖,1
5902,好运,1
5903,地皮,1
5904,那块,1
5905,解说,1
5906,肉眼,1
5907,结尾,1
5908,见,2
5909,敢不敢,1
5910,站不住,1
5911,站不住脚,1
5912,用不上,1
5913,涨起,4
5914,涨起来,4
5915,赶快,1
5916,凉凉,1
5917,利空,1
5918,那不就,1
5919,兰考,1
5920,激进,1
5921,地价,2
5922,1500,3
5923,第二个,1
5924,二个,1
5925,本地,1
5926,地表,1
5927,苏州,1
5928,易,1
5929,务实,1
5930,派,1
5931,消灭,1
5932,盖新房,1
5933,稀缺,1
5934,家村,1
5935,村里,1
5936,通俗,3
5937,贷款额,1
5938,贷款额度,1
5939,款额,1
5940,GTA1,1
5941,发财,2
5942,约定,2
5943,多谢,1
5944,22,1
5945,先去,1
5946,属性,1
5947,金融风险,1
5948,青椒,1
5949,一斤,2
5950,懒得,3
5951,吃不起,2
5952,海深,2
5953,加码,1
5954,通俗易懂,2
5955,易懂,2
5956,豌豆,1
5957,两万,1
5958,粉,2
5959,公民,2
5960,认知,2
5961,跌到,5
5962,买家,1
5963,继承,2
5964,崔,1
5965,福州,1
5966,长空,1
5967,增速,1
5968,湖南,1
5969,55,1
5970,曝,1
5971,：？,1
5972,不乐,1
5973,不乐意,1
5974,乐意,1
5975,真难,1
5976,26,2
5977,开玩笑,1
5978,玩笑,1
5979,6000,2
5980,4k,1
5981,1w4,1
5982,看涨,13
5983,想买,2
5984,6666,5
5985,赔钱,1
5986,干么,1
5987,badf,1
5988,原版,1
5989,摇滚,2
5990,治标,1
5991,治标不治本,1
5992,不治,1
5993,治本,1
5994,飘过,1
5995,滴,2
5996,遏制,1
5997,容,1
5998,斥,1
5999,藍,1
6000,东京,2
6001,(~,1
6002,~;),1
6003,太慢,1
6004,气死,1
6005,开心,2
6006,睡醒,1
6007,2K,1
6008,一亩,1
6009,分地,1
6010,彩,1
6011,放心好了,1
6012,高通,1
6013,就要,2
6014,凯撒,1
6015,包装,1
6016,加税,2
6017,水房,1
6018,挨打,1
6019,子产,1
6020,产出,1
6021,单价,1
6022,市场规律,1
6023,场规,1
6024,规律,1
6025,架空,1
6026,头条,1
6027,暴力,1
6028,翻得,1
6029,大干,1
6030,幽默,1
6031,幽默滑稽,1
6032,滑稽,1
6033,租售,1
6034,权,3
6035,！？？,1
6036,刷起,1
6037,刷起来,1
6038,济南,1
6039,吖,1
6040,期待,1
6041,农村户口,1
6042,村户,1
6043,户口,5
6044,城市户口,1
6045,乡会,1
6046,葫芦,1
6047,浮起,1
6048,瓢,1
6049,制住,1
6050,空调,1
6051,评,1
6052,纽约,1
6053,夸张,3
6054,贯彻,1
6055,腿,1
6056,软,1
6057,真服了,1
6058,活该,10
6059,饥饿,2
6060,避免,1
6061,观感,1
6062,报表,1
6063,使劲儿,1
6064,woc,1
6065,太烦,1
6066,silent,1
6067,hill,1
6068,万恶,1
6069,困,2
6070,前日,1
6071,应对,1
6072,难搞,1
6073,后果,1
6074,大幅,1
6075,供给,1
6076,欠钱,1
6077,一本,1
6078,行当,1
6079,柜员,1
6080,面试,1
6081,定,1
6082,制定,1
6083,起跑,6
6084,起跑线,6
6085,终点,1
6086,赶得,1
6087,赶得上,1
6088,大型,1
6089,回流,1
6090,WDNMD,1
6091,观念,1
6092,好读,1
6093,好气,1
6094,昆仑,1
6095,弄来弄去,1
6096,，，，,1
6097,无非,1
6098,地王,1
6099,整套,1
6100,三成,1
6101,成才,1
6102,香港,1
6103,殷鉴,1
6104,殷鉴不远,1
6105,不远,2
6106,回想,1
6107,涨涨,2
6108,冲冲,2
6109,你家,1
6110,家人,2
6111,甘露,1
6112,外地人,1
6113,呕,1
6114,吼,1
6115,烟,1
6116,嗓音,3
6117,螺纹,1
6118,螺纹钢,1
6119,畸形,1
6120,气泡,1
6121,怎么回事,2
6122,眼皮,1
6123,重,1
6124,入股,1
6125,不吃,1
6126,重点,1
6127,物极必反,1
6128,回光返照,1
6129,返照,1
6130,宁可,1
6131,新官,1
6132,暴,3
6133,击,2
6134,看开,1
6135,百万富翁,1
6136,富翁,1
6137,跪下,1
6138,快速,1
6139,稿,2
6140,胡扯,1
6141,坡,1
6142,刹车,1
6143,唯独,1
6144,典型,1
6145,犯错,1
6146,犯错误,1
6147,好迷,1
6148,下地,1
6149,地狱,1
6150,阿里,1
6151,大公,1
6152,放到,1
6153,远程,1
6154,听进,1
6155,捋,1
6156,m,1
6157,先交,1
6158,交钱,1
6159,失踪,1
6160,失踪人口,1
6161,你好,2
6162,群魔乱舞,1
6163,乱舞,1
6164,巫师,1
6165,凭着,1
6166,比例,2
6167,口子,1
6168,收紧,1
6169,烦,1
6170,在座,1
6171,位,1
6172,抽,1
6173,坑人,1
6174,生生,1
6175,搞垮,1
6176,得罪,4
6177,功课,1
6178,土豆,1
6179,压死,1
6180,炒房团,1
6181,用于,1
6182,等到,1
6183,跳楼,5
6184,心疼,1
6185,来点,1
6186,三环,1
6187,迁到,1
6188,环,2
6189,半天,1
6190,表达,1
6191,达什,1
6192,魔鬼,1
6193,多套,1
6194,踏,1
6195,小声点,1
6196,还款,1
6197,碰,1
6198,该死,1
6199,棚,1
6200,维护,1
6201,一条,2
6202,天真,2
6203,絮叨,1
6204,单点,1
6205,专业术语,2
6206,术语,2
6207,练,1
6208,最差,1
6209,看不起,1
6210,虚荣,1
6211,岳,1
6212,阳,1
6213,小点,1
6214,难怪,1
6215,看不下去,1
6216,本科,1
6217,抱负,1
6218,点金,1
6219,常识,2
6220,火,1
6221,<<<,1
6222,第一发,2
6223,一发,2
6224,语调,1
6225,鼻涕,1
6226,嘴里,1
6227,甩,1
6228,幻灯,1
6229,幻灯片,1
6230,佬,1
6231,无所畏惧,2
6232,畏惧,2
6233,不该,1
6234,冒风险,1
6235,UP,2
6236,即使,1
6237,要用,1
6238,海北,1
6239,瞎说,1
6240,劝退,1
6241,别念,1
6242,越调,1
6243,凶,1
6244,调,1
6245,缺少,1
6246,那根,1
6247,跨,1
6248,体系,1
6249,稻草,1
6250,姿势,1
6251,肾,1
6252,贱,1
6253,卖房,1
6254,榨,1
6255,1w,1
6256,撤回,1
6257,所在,1
6258,所在地,1
6259,媒体,1
6260,团队,1
6261,起步,2
6262,不放,1
6263,放贷,1
6264,放款,1
6265,趁机,1
6266,几头,1
6267,这么些,1
6268,脱,1
6269,想错,1
6270,易变,1
6271,土著,1
6272,无人,1
6273,礼仪,1
6274,圈,1
6275,高铁,1
6276,铁城,1
6277,城际,1
6278,铁路,1
6279,轻轨,1
6280,盘货,1
6281,链条,1
6282,肥,4
6283,深度,2
6284,民户,1
6285,缓冲器,1
6286,次级,1
6287,搞清,2
6288,搞清楚,2
6289,废,1
6290,逃避,1
6291,大丈夫,1
6292,丈夫,1
6293,所为,2
6294,好句,2
6295,乱套,1
6296,玩吧,1
6297,大成,1
6298,死结,1
6299,旧社会,1
6300,会地,1
6301,两样,1
6302,吓死,1
6303,调整期,1
6304,整期,1
6305,澳,1
6306,龙,1
6307,虾皮,1
6308,虾,1
6309,阴阳,1
6310,阴阳怪气,1
6311,怪气,1
6312,ptp,1
6313,主视,1
6314,用心,1
6315,账号,1
6316,账号密码,1
6317,密码,1
6318,按住,1
6319,何止,1
6320,离奇,1
6321,魔幻,3
6322,gamestop,1
6323,当时,3
6324,害怕,1
6325,极了,1
6326,马斯克,20
6327,谐音,1
6328,梗,1
6329,梭哈,28
6330,一刀,1
6331,中文,1
6332,正确,1
6333,翻译,2
6334,过把瘾,1
6335,头,2
6336,华尔街,11
6337,空头,19
6338,拔掉,1
6339,网线,15
6340,亿万,1
6341,主角,1
6342,原型,1
6343,史蒂文,1
6344,文科,1
6345,科恩,1
6346,复仇,2
6347,散户,103
6348,破绽,1
6349,血,1
6350,惹,8
6351,记,1
6352,一大,1
6353,大功,1
6354,刺,3
6355,记仇,6
6356,知名,1
6357,懵,1
6358,一亿,1
6359,亿个,1
6360,报仇,4
6361,AMC,5
6362,BlueBerry,1
6363,轧,1
6364,买进,1
6365,驿站,5
6366,看热闹,1
6367,不嫌,2
6368,噢,1
6369,混进,1
6370,对手,2
6371,仇,2
6372,底气,1
6373,战,2
6374,老二,3
6375,二次元,1
6376,贺电,1
6377,后期,1
6378,抢走,1
6379,抢走了,1
6380,平仓,4
6381,方,1
6382,展,1
6383,丁,2
6384,一集,1
6385,弃权,1
6386,滞后,1
6387,山西,1
6388,沦落,1
6389,至此,1
6390,hhhhh,1
6391,注意力,1
6392,吸引,1
6393,整一,1
6394,一架,1
6395,747,1
6396,NB,4
6397,协同,1
6398,老马,2
6399,达,1
6400,对冲,8
6401,基金会,1
6402,亏损,1
6403,11,1
6404,亿美金,1
6405,搞不好,1
6406,虎,8
6407,扑,7
6408,史地,1
6409,一帖,1
6410,得道,2
6411,得道者,1
6412,助,1
6413,道,2
6414,寡助,2
6415,然后背,1
6416,后背,1
6417,背地,1
6418,背地里,1
6419,地里,1
6420,期权,35
6421,到期,2
6422,市场预测,1
6423,预测,1
6424,变得,1
6425,挡箭牌,2
6426,空基,3
6427,治,1
6428,跑掉,1
6429,花光,5
6430,怀疑,1
6431,多头,5
6432,错失,1
6433,错失良机,1
6434,良机,1
6435,参加,2
6436,加下,1
6437,战斗,1
6438,设想,1
6439,道路,1
6440,拉闸,1
6441,拔,13
6442,预购,1
6443,售,1
6444,订金,1
6445,要求,1
6446,某时,1
6447,商定,1
6448,后进,1
6449,阿哈,1
6450,检测,4
6451,算法,2
6452,yolo,12
6453,掀,2
6454,桌子,2
6455,美式,1
6456,斗地主,1
6457,混入,2
6458,当中,1
6459,煽风点火,2
6460,点火,2
6461,期货,2
6462,嚣张,1
6463,作秀,2
6464,大输,1
6465,输家,1
6466,事件,1
6467,权实,1
6468,实战,1
6469,覆灭,1
6470,A股,14
6471,美,11
6472,股,25
6473,四度,1
6474,robinhood,1
6475,金主,1
6476,团结,7
6477,迷惑,1
6478,行为,1
6479,庄家,3
6480,服务器,4
6481,务器,4
6482,一条心,1
6483,恩怨,1
6484,由来,1
6485,由来已久,1
6486,已久,1
6487,2333,2
6488,沉寂,1
6489,诺基亚,1
6490,基亚,1
6491,盲,1
6492,盒,1
6493,盒子,1
6494,钓鱼,2
6495,旧怨,1
6496,闻到,1
6497,血腥味,1
6498,腥味,1
6499,救助,1
6500,救助金,1
6501,遗产,1
6502,hh,1
6503,股价,4
6504,现世,1
6505,现世报,1
6506,人民战争,4
6507,大众,1
6508,保时捷,1
6509,收购,3
6510,反收购,1
6511,案例,1
6512,再现,1
6513,流通,3
6514,流通股,3
6515,138,1
6516,贴,5
6517,读,2
6518,大赌,1
6519,赌博,6
6520,小赌,1
6521,混混,1
6522,对决,1
6523,帅,2
6524,”“,1
6525,财,1
6526,悄悄,2
6527,偷笑,1
6528,白宫,1
6529,发下,1
6530,拿回去,1
6531,标识,3
6532,识别,4
6533,总是,1
6534,You,3
6535,Only,1
6536,Live,1
6537,Once,1
6538,YOLO,9
6539,现代版,1
6540,另一家,1
6541,狙击,3
6542,香橼,3
6543,打架,1
6544,袁,1
6545,华,1
6546,其,2
6547,必先,1
6548,尝尝,1
6549,围殴,1
6550,老大哥,1
6551,空手,1
6552,手套,1
6553,血染,1
6554,那天,1
6555,猛,2
6556,900,1
6557,敌人,3
6558,驿卒,1
6559,李自成,1
6560,自成,1
6561,小说,2
6562,讲武,7
6563,twitter,1
6564,来得,1
6565,下关,1
6566,列表,1
6567,回马枪,1
6568,马枪,1
6569,摇旗,1
6570,摇旗呐喊,1
6571,呐喊,1
6572,殴打,1
6573,citron,2
6574,melvin,1
6575,灵性,1
6576,熊猫,1
6577,戒赌,1
6578,各个,1
6579,伪装,1
6580,伪装成,1
6581,装成,1
6582,GO,1
6583,TO,1
6584,THE,1
6585,MOOOON,1
6586,YOLOv3,1
6587,狂热,1
6588,盲从,1
6589,单车,5
6590,摩托,4
6591,经,2
6592,融,2
6593,交易商,1
6594,佣金,1
6595,过头,1
6596,要付,1
6597,付出代价,1
6598,先借,1
6599,个股,1
6600,交易日,1
6601,马化腾,2
6602,太猛,2
6603,轧空,8
6604,明面,1
6605,面上,1
6606,赌钱,1
6607,桥,4
6608,亿刀,1
6609,板,1
6610,打板,1
6611,赌徒,2
6612,狂,2
6613,怼,1
6614,堵,2
6615,(✪▽✪),1
6616,喜闻,3
6617,喜闻乐见,3
6618,乐见,3
6619,最终目标,1
6620,索罗斯,5
6621,抚恤,1
6622,抚恤金,1
6623,恤金,1
6624,限印,1
6625,钞,1
6626,热血沸腾,2
6627,沸腾,2
6628,打败,2
6629,团结起来,2
6630,结起,2
6631,结起来,2
6632,定价,1
6633,权利,1
6634,左脚,1
6635,右脚,1
6636,踏上,1
6637,绝招,1
6638,推手,1
6639,自由市场,4
6640,魅力,2
6641,咋玩,4
6642,设立,2
6643,万变,1
6644,丢,1
6645,君子,1
6646,不太好,1
6647,征兆,1
6648,汪洋,2
6649,汪洋大海,2
6650,规模,1
6651,这股,1
6652,著名,1
6653,名目,1
6654,果在,1
6655,证监,1
6656,证监会,1
6657,坐不住,1
6658,打头,1
6659,打头阵,1
6660,头阵,1
6661,开会,1
6662,上市,1
6663,国有,1
6664,国有企业,1
6665,熔断,3
6666,心惊,1
6667,心惊胆战,1
6668,故意,2
6669,惹恼,1
6670,演戏,2
6671,对立,1
6672,对立面,1
6673,立面,1
6674,wts,1
6675,discover,1
6676,亲历,1
6677,亲历者,1
6678,下车,1
6679,空投,1
6680,仇家,1
6681,墙倒众人推,1
6682,众人,1
6683,一千倍,1
6684,千倍,2
6685,一搏,3
6686,冰冰,1
6687,股东,1
6688,减持,1
6689,公告,1
6690,停牌,3
6691,为主,1
6692,主机,1
6693,独占,1
6694,行情,2
6695,选中,1
6696,幸,2
6697,amc,2
6698,院线,1
6699,万达,1
6700,啥时候,1
6701,?????????????,1
6702,罗宾,3
6703,罗宾汉,3
6704,人工智能,1
6705,智能,1
6706,solo,1
6707,单挑,2
6708,川,1
6709,巴菲,2
6710,巴菲特,2
6711,菲特,2
6712,开眼,2
6713,一千多,1
6714,千多,1
6715,千多倍,1
6716,多倍,1
6717,不痛,1
6718,NOK,1
6719,小心,1
6720,富裕,1
6721,民意,1
6722,之处,1
6723,江湖,1
6724,人情,1
6725,人情世故,1
6726,世故,1
6727,规则,2
6728,会所,1
6729,搬,1
6730,说不定,1
6731,引发,1
6732,券商,1
6733,新闻,2
6734,买入,3
6735,有利可图,1
6736,利可图,1
6737,可图,1
6738,这件,2
6739,起到,1
6740,关键作用,1
6741,乌拉,1
6742,当了,1
6743,盟友,1
6744,破釜沉舟,1
6745,沉舟,1
6746,好莱坞,1
6747,题材,1
6748,富贵,2
6749,险,2
6750,？！？！,1
6751,发生,3
6752,归零,1
6753,大桥,2
6754,水基,1
6755,原油,2
6756,负,2
6757,不封,1
6758,封顶,1
6759,点燃,1
6760,法语,1
6761,柠檬,2
6762,游艇,2
6763,发布,1
6764,uno,2
6765,潮流,1
6766,sans,1
6767,光脚,1
6768,穿鞋,1
6769,美国式,1
6770,国际,1
6771,国际纵队,1
6772,纵队,1
6773,没完,7
6774,高斯,1
6775,电子,1
6776,1980,1
6777,！？,1
6778,史,3
6779,最强,1
6780,头里,1
6781,大户,1
6782,红杉,1
6783,湘,1
6784,玉,1
6785,徒,1
6786,心里,1
6787,报仇雪恨,1
6788,雪恨,1
6789,黑色,1
6790,黑色星期,1
6791,星期五,1
6792,当场,1
6793,J,1
6794,墙,1
6795,街,1
6796,眼泪,1
6797,GME,2
6798,做市商,8
6799,敢写,1
6800,倒逼,1
6801,乱说,2
6802,大印,1
6803,席卷,1
6804,得道多助,1
6805,失道寡助,1
6806,群起,1
6807,群起而攻,1
6808,群起而攻之,1
6809,权威,1
6810,美西,1
6811,27,2
6812,高涨,1
6813,359,1
6814,主力,2
6815,打起,2
6816,有力,3
6817,对抗,1
6818,靠海,1
6819,二倍,1
6820,亏到,1
6821,裤头,1
6822,检测器,1
6823,测器,1
6824,you,9
6825,only,9
6826,look,6
6827,once,8
6828,幕后,1
6829,黑手,1
6830,暴民,2
6831,挣到,1
6832,负数,2
6833,能量,1
6834,噗嗤,1
6835,YOU,1
6836,ONLY,1
6837,LIVE,1
6838,ONCE,1
6839,好几遍,1
6840,不剩,1
6841,传热,2
6842,不得人心,1
6843,得人心,1
6844,浑水,3
6845,国中,1
6846,概,1
6847,整得,1
6848,一粒,2
6849,珍,1
6850,mage,1
6851,国发,1
6852,替身,1
6853,号,1
6854,yuan,3
6855,包围,1
6856,围城,1
6857,忍,1
6858,翻译成,1
6859,译成,1
6860,扎马,1
6861,斯,1
6862,星星之火,1
6863,燎原,1
6864,原是,1
6865,舍生,1
6866,舍生取义,1
6867,取义,1
6868,游走,1
6869,零散,1
6870,投资者,3
6871,小额,1
6872,这场,1
6873,十个,1
6874,内鬼,1
6875,万几,1
6876,血汗,1
6877,血汗钱,1
6878,(๑°,1
6879,°๑),1
6880,发起,2
6881,发起人,1
6882,5w,1
6883,本金,1
6884,经过,1
6885,space,1
6886,阵营,1
6887,赌场,3
6888,卖完,1
6889,v5,3
6890,260,1
6891,踩踏,2
6892,139,1
6893,拜登,1
6894,注资,1
6895,還,1
6896,??????????,1
6897,现出,1
6898,相反,1
6899,炝,1
6900,跟我走,1
6901,风云,1
6902,开眼界,1
6903,眼界,1
6904,小丑,3
6905,凉,1
6906,百分制,1
6907,绝大多数,1
6908,数股,1
6909,不识,1
6910,不识好歹,1
6911,鳄鱼,1
6912,赔,1
6913,梭,1
6914,YO,1
6915,】—【,1
6916,LO,1
6917,一类,1
6918,姒,1
6919,一只,1
6920,700,2
6921,永乐,1
6922,电线,1
6923,吊打,1
6924,燃,13
6925,意,1
6926,雪铁龙,1
6927,园,1
6928,Reddit,2
6929,SEC,2
6930,盆,2
6931,钵,2
6932,万股,2
6933,高位,1
6934,300,1
6935,好几倍,1
6936,赚回,1
6937,三十只,1
6938,十只,1
6939,不求,1
6940,空转,1
6941,banzai,1
6942,百分之一,1
6943,报复,1
6944,试一下,1
6945,振国,1
6946,造成,1
6947,转折,1
6948,转折点,1
6949,yoluv3,1
6950,写错,1
6951,风,1
6952,CFA,2
6953,一百亿,1
6954,百亿,1
6955,对头,1
6956,花完,3
6957,過,1
6958,级,1
6959,扑出,1
6960,戏,1
6961,逮住,1
6962,黑暗,1
6963,森林法,1
6964,法则,1
6965,负一,1
6966,打爆,2
6967,两家,1
6968,這,1
6969,轉,1
6970,勇敢,1
6971,看跌,1
6972,大索,1
6973,太酷,1
6974,咖啡,1
6975,参战,1
6976,30pe,1
6977,坐等,1
6978,yolomaga,1
6979,boom,1
6980,66666,1
6981,快完了,1
6982,實,1
6983,中油,1
6984,盗,1
6985,视屏,1
6986,神州,1
6987,糸,1
6988,银行利率,1
6989,112,1
6990,400,1
6991,高点,1
6992,140,1
6993,－,1
6994,大崩盘,1
6995,178,1
6996,不合,1
6997,不合理,1
6998,skr,1
6999,蒙,1
7000,yolov3,3
7001,金发,2
7002,Amazon,1
7003,斤,1
7004,yolov5,1
7005,充值,1
7006,blue,1
7007,faster,1
7008,RCNN,1
7009,希,1
7010,说不来,1
7011,说错,1
7012,哈哈笑,1
7013,搜索,1
7014,栏,1
7015,泰,1
7016,应,1
7017,考古,1
7018,1700,2
7019,250,2
7020,欧洲,1
7021,奇迹,1
7022,芜湖,2
7023,！！！！！,1
7024,YOLOv4,1
7025,返,1
7026,唐,1
7027,山,1
7028,甘地,1
7029,233333,1
7030,8000,1
7031,yolov4,1
7032,6666666,1
7033,特斯,1
7034,特斯拉,1
7035,斯拉,1
7036,拼,2
7037,融券,1
7038,券门,1
7039,奥利,1
7040,刚烈,1
7041,live,3
7042,搜,1
7043,几家,1
7044,一家人,1
7045,恶俗,1
7046,一万个,1
7047,万个,1
7048,收看,1
7049,擅长,1
7050,夹带,1
7051,私货,1
7052,帝,3
7053,正要,1
7054,聚众,1
7055,橼,3
7056,稳如,1
7057,如梭,1
7058,叛徒,1
7059,事发,1
7060,推说,1
7061,SSD,1
7062,牛人,1
7063,藏,1
7064,话语权,1
7065,大量,1
7066,noce,1
7067,造反,1
7068,可不是,1
7069,是非,1
7070,非得,1
7071,得当,1
7072,冲到,1
7073,右边,1
7074,呔,1
7075,闭嘴,1
7076,可用,1
7077,可用性,1
7078,有钱赚,1
7079,多家,1
7080,reuters,1
7081,报道,1
7082,累计,1
7083,多亿,1
7084,多亿美元,1
7085,不小,1
7086,小看,1
7087,一个帖,1
7088,帖子,1
7089,几十万,1
7090,疯起来,1
7091,伤害性,1
7092,尤其,1
7093,鳄,1
7094,次要,1
7095,轮空,1
7096,卖空,1
7097,50W,1
7098,总要,1
7099,贫富,1
7100,贫富差距,1
7101,震惊,1
7102,爷们,1
7103,all,2
7104,in,2
7105,21000,1
7106,",",2
7107,ALL,2
7108,IN,2
7109,野狼,1
7110,分食,1
7111,落井,1
7112,落井下石,1
7113,井下,1
7114,石,1
7115,痛打,1
7116,痛打落水狗,1
7117,打落,1
7118,打落水狗,1
7119,落水,1
7120,落水狗,1
7121,水狗,1
7122,low,1
7123,call,1
7124,delta,1
7125,不能不,1
7126,不能不要,1
7127,瞎扯,1
7128,炼金,1
7129,炼金术,1
7130,欺诈,1
7131,骗子,1
7132,缘,3
7133,zzz,1
7134,总觉,1
7135,蠢,1
7136,nb,2
7137,这局,1
7138,老三,1
7139,玩死,1
7140,文盲,2
7141,科普,2
7142,划不来,1
7143,救活,1
7144,昨晚,2
7145,端倪,1
7146,椽,4
7147,chuan,3
7148,配音,1
7149,外行,1
7150,多么,1
7151,夹,2
7152,嘴,1
7153,段子,1
7154,败,1
7155,烦死,2
7156,金融机构,1
7157,bb,2
7158,业余,1
7159,不好惹,1
7160,好惹,1
7161,oom,1
7162,tmd,1
7163,失败,1
7164,哩,2
7165,保证金,1
7166,发达国家,1
7167,头等,1
7168,捡漏,1
7169,上证,1
7170,肥头大耳,1
7171,不如说是,1
7172,………！,1
7173,马拉,1
7174,茅台,3
7175,杀猪,1
7176,跟上,1
7177,这笔,1
7178,台面,1
7179,基本常识,1
7180,错别字,1
7181,别字,1
7182,基本概念,1
7183,懂得,1
7184,接关,1
7185,太天真,1
7186,流氓,1
7187,sucker,1
7188,弄死,1
7189,穷鬼,2
7190,老夫,1
7191,To,1
7192,da,1
7193,moon,1
7194,嫌累,1
7195,JR,1
7196,记住,1
7197,前一天,1
7198,吹嘘,1
7199,啪啪,2
7200,香椿,1
7201,没玩,1
7202,病句,1
7203,这他,1
7204,捣乱,1
7205,水表,1
7206,强力,1
7207,爆破,1
7208,4000WANMEIJIN,1
7209,英语,1
7210,英语听力,1
7211,二声,1
7212,Citroen,1
7213,读出,1
7214,读出来,1
7215,挺快,1
7216,Amc,1
7217,bbb,1
7218,nok,1
7219,正面,1
7220,当空,1
7221,空军,1
7222,天会,1
7223,暴跌,1
7224,啊啊啊,3
7225,死水,1
7226,做事,1
7227,主语,1
7228,停顿,1
7229,劫富济贫,2
7230,济贫,2
7231,疯癫,1
7232,Yolo,1
7233,v1,1
7234,st,1
7235,名义,1
7236,美国政府,1
7237,国政,1
7238,政府,1
7239,一出,1
7240,出面,1
7241,nmd,1
7242,咱们,1
7243,真可怜,1
7244,称号,1
7245,绿,1
7246,V,1
7247,名扬,1
7248,名扬天下,1
7249,无名,1
7250,无名小卒,1
7251,小卒,1
7252,暴打,1
7253,陷入,1
7254,海洋,1
7255,牛皮,1
7256,赶着,1
7257,双倍,1
7258,网站,1
7259,老千,1
7260,千层,1
7261,千层饼,1
7262,老虎,1
7263,鬣狗,1
7264,物体,1
7265,条,1
7266,上变,1
7267,穷光,1
7268,穷光蛋,1
7269,光蛋,1
7270,特优,1
7271,看好,1
7272,好了吧,1
7273,癌,1
7274,双,1
7275,丝袜,1
7276,没准,1
7277,掉下来,1
7278,加持,1
7279,杀死,1
7280,子游,1
7281,anc,1
7282,expr,1
7283,gamestone,1
7284,狡猾,1
7285,得罪人,2
7286,罪人,2
7287,称,1
7288,乎,1
7289,np,1
7290,社区,1
7291,神功,1
7292,挣个,1
7293,死刑,1
7294,显摆,1
7295,真得,1
7296,操纵,1
7297,抓起,1
7298,多行不义,1
7299,多行不义必自毙,1
7300,不义,1
7301,自毙,1
