,词语,次数
0,姑苏,3
1,城外,3
2,寒山寺,3
3,山寺,3
4,夜半,3
5,夜半钟声,3
6,钟声,3
7,到,45
8,客船,4
9,走,41
10,位,17
11,和,85
12,郑少秋,1
13,笑,27
14,看,98
15,风云,1
16,不分,1
17,不分伯仲,1
18,伯仲,1
19,这,407
20,一年,14
21,爸妈,2
22,相亲,1
23,两年,4
24,年后,8
25,有,159
26,个,55
27,靓仔,1
28,诞生,4
29,那,42
30,几年,6
31,最,50
32,火,18
33,几个,9
34,小伙,6
35,无外乎,1
36,毛,108
37,宁,106
38,费,2
39,翔,2
40,帅,141
41,惨绝人寰,1
42,绝人,1
43,人寰,1
44,好,250
45,年代,30
46,感,10
47,舞步,6
48,还有,47
49,记忆,9
50,啊,287
51,流逝,1
52,青春,67
53,妈妈,9
54,生前,3
55,喜欢,103
56,歌,103
57,这身,3
58,西装,2
59,真的,136
60,永不,4
61,不过,16
62,过时,8
63,灯光,2
64,灯光师,1
65,打光,1
66,都,192
67,不往,1
68,脸上,2
69,打,65
70,吗,85
71,啊啊啊,396
72,这个,177
73,男生,4
74,已经,27
75,成为,6
76,全国,1
77,生情,1
78,情敌,1
79,曲,17
80,词,13
81,唱,92
82,美,31
83,出来,17
84,数学,1
85,学到,3
86,上年,1
87,年纪,4
88,一直,38
89,爱,136
90,​,1
91,小学,30
92,时候,122
93,老师,35
94,教,5
95,过,34
96,首歌,106
97,张,15
98,旧船,10
99,船票,12
100,能否,15
101,登上,22
102,你,503
103,破船,29
104,天,18
105,呐,6
106,大,52
107,辫子,1
108,好多,14
109,多头,1
110,头发,7
111,！！！,132
112,他,130
113,算是,2
114,中国,15
115,初,3
116,代,2
117,city,1
118, ,967
119,boy,1
120,系,2
121,艺人,1
122,我们,39
123,以前,37
124,学,12
125,舞,31
126,哈哈,269
127,哈哈哈,179
128,月落乌啼,8
129,总是,5
130,千年,1
131,风霜,1
132,春晚,29
133,是,564
134,现场,8
135,现场直播,1
136,直播,5
137,想起,18
138,帝女花,1
139,那时,40
140,还,113
141,在,169
142,村里,1
143,放羊,1
144,贵,1
145,又,40
146,高,25
147,当年,50
148,可是,7
149,顶,7
150,流,4
151,霸,6
152,哥,152
153,别,21
154,说道,2
155,这时,17
156,这时候,13
157,爸,7
158,才,67
159,十七,1
160,十七岁,1
161,七岁,4
162,哇,22
163,仿佛,7
164,回到,16
165,童年,15
166,上,60
167,幼儿,2
168,幼儿园,2
169,记得,13
170,林依轮,1
171,说,80
172,不会,20
173,跳舞,52
174,但,21
175,那个,66
176,范,23
177,给,28
178,人,116
179,感觉,50
180,好像,30
181,很,92
182,会,42
183,歌词,36
184,顶级,3
185,原来,19
186,就,104
187,跳,14
188,没出,18
189,喊,3
190,哈哈哈哈,108
191,宋丹丹,2
192,丹丹,2
193,必须,6
194,能登,3
195,一,45
196,听,131
197,就是,93
198,真,54
199,跟,25
200,录音,6
201,录音室,1
202,不同,5
203,现在,119
204,才能,3
205,真正,18
206,感受,3
207,受到,2
208,魅力,3
209,服装,4
210,放,9
211,也,137
212,很漂亮,2
213,漂亮,41
214,回忆,45
215,虽,1
216,简单,3
217,非常,7
218,常有,2
219,有意,8
220,意境,7
221,！！,58
222,红,14
223,看看,7
224,人家,10
225,陈小奇,1
226,失眠,3
227,写出,2
228,这种,8
229,千古,1
230,千古绝唱,1
231,绝唱,2
232,当时,37
233,听完,1
234,这歌,36
235,秒,4
236,变小,1
237,迷,4
238,妹,3
239,旋律,3
240,旋律优美,1
241,优美,1
242,动听,1
243,从小,7
244,好看,44
245,第一,45
246,第一眼,1
247,一眼,1
248,眼看,1
249,看成,1
250,沙,1
251,溢,1
252,能,40
253,不能,10
254,不知,18
255,知道,34
256,这条,1
257,看过,11
258,过后,1
259,回来,24
260,引领,1
261,时尚,5
262,谁,43
263,请,23
264,歌星,1
265,颜,19
266,值,15
267,实力,4
268,可惜,13
269,个人,21
270,声,7
271,绝,47
272,歌手,16
273,敢肯定,1
274,肯定,12
275,一定,4
276,用,19
277,100,6
278,来,163
279,伴舞,13
280,流行,19
281,流行歌,2
282,体育,2
283,生,7
284,出生,58
285,真是,18
286,幸运,1
287,端庄,3
288,大方,3
289,美好,9
290,九十,4
291,九十年,3
292,九十年代,3
293,十年,20
294,十年代,3
295,只,22
296,存在,4
297,四年,8
298,配,16
299,特别,9
300,别的,5
301,奶奶,1
302,96,21
303,唱到,1
304,小时,18
305,小时候,17
306,俺,2
307,爹,4
308,经常,6
309,哼唱,1
310,第一次,17
311,一次,25
312,听到,19
313,爸爸,3
314,觉得,24
315,最好,7
316,好听,170
317,不,77
318,接受,1
319,反驳,1
320,☺️,1
321,出不来,1
322,不来,5
323,脍炙,1
324,脍炙人口,1
325,人口,1
326,一首,44
327,一首歌,26
328,一个,96
329,故事,12
330,mv,41
331,里,27
332,眼睫毛,1
333,睫毛,1
334,。。,18
335,惊,3
336,为什么,27
337,什么,67
338,那么,19
339,艺术,10
340,气息,2
341,句,7
342,老,20
343,经典,46
344,中,18
345,。。。,16
346,九六,1
347,九六年,1
348,六年,3
349,每次,9
350,去,41
351,卡拉,1
352,OK,1
353,会点,1
354,看家,1
355,点歌,1
356,点歌台,1
357,歌台,1
358,常看到,1
359,看到,16
360,太,124
361,熟悉,13
362,90,12
363,充满,8
364,想象,4
365,相信,9
366,以后,2
367,后会,2
368,比,27
369,更,5
370,那年,44
371,喝,6
372,孟婆汤,1
373,录播,2
374,技术,2
375,达,2
376,不到,7
377,对,27
378,全场,2
379,控制,2
380,有种,4
381,功夫,4
382,斧头,8
383,斧头帮,8
384,后,23
385,第一场,1
386,一场,3
387,大概,2
388,只有,14
389,两个,6
390,月,10
391,？？,16
392,错过,1
393,老爹,1
394,没,44
395,实,1
396,锤,1
397,怎么,42
398,突然,8
399,消失,2
400,大众,1
401,视野,1
402,早期,7
403,地,14
404,麦,12
405,本来,2
406,前途,1
407,前途无量,1
408,无量,1
409,不用,3
410,带动,1
411,效果,2
412,涛声,6
413,依旧,10
414,哪,14
415,见,13
416,当初,4
417,少年,6
418,支,1
419,编,8
420,太美,9
421,后面,25
422,一位,5
423,莫名,7
424,确实,13
425,惊呆,1
426,有感,7
427,女,35
428,主,29
429,一开,6
430,开始,85
431,离,5
432,得,37
433,远,3
434,孤独,1
435,样子,7
436,一般,5
437,不了,12
438,调,3
439,气球,10
440,后妈,1
441,一岁,6
442,跟着,5
443,等,10
444,半年,3
445,来到,7
446,世界,65
447,声音,44
448,过去,10
449,29,1
450,年,104
451,首歌曲,8
452,歌曲,32
453,适合,2
454,合在,1
455,海边,1
456,保剑锋,1
457,剑锋,1
458,是非,2
459,多,29
460,被,41
461,黑,12
462,惨,3
463,懂,12
464,欣赏,2
465,音乐,98
466,老爸,2
467,磁带,3
468,带,13
469,围巾,8
470,这么,40
471,除了,2
472,许文强,2
473,第二,9
474,第二个,2
475,二个,2
476,回去,1
477,年内,1
478,内地,5
479,偶像,4
480,吧,91
481,舞蹈,23
482,所谓,3
483,韵味,4
484,还是,59
485,细胞,2
486,设,1
487,要,78
488,没事,2
489,没事儿,1
490,事儿,1
491,两步,2
492,一张,5
493,根本,7
494,没有,59
495,这样,21
496,93,11
497,年初,3
498,初中,37
499,班主,1
500,班主任,1
501,主任,1
502,任教,1
503,中秋,1
504,中秋节,1
505,秋节,1
506,神,76
507,TM,2
508,看起,3
509,看起来,3
510,起来,38
511,广场,3
512,一段,11
513,弯路,1
514,长,15
515,腿,9
516,哎,7
517,之后,5
518,广东,4
519,东歌,1
520,流行起来,1
521,弓箭,1
522,弓箭步,1
523,箭步,1
524,不是,108
525,过年,3
526,观念,1
527,比较,5
528,陈旧,1
529,苦,1
530,第二年,1
531,二年,4
532,卖,7
533,再也,7
534,带走,1
535,一盏,1
536,渔火,5
537,爱情,4
538,情歌,1
539,足球,3
540,足球运动,1
541,球运,1
542,运动,6
543,运动员,6
544,动员,6
545,转行,1
546,所以,13
547,唱歌,11
548,厨师,1
549,跨栏,3
550,作曲,3
551,深意,1
552,真真,1
553,六岁,3
554,穿,6
555,赵宝刚,1
556,国民,2
557,十一,3
558,十一岁,1
559,外婆,1
560,要死,1
561,要死要活,1
562,以为,23
563,竟然,13
564,东北,3
565,北大,1
566,大哥,16
567,想,61
568,穿越,5
569,英语,6
570,第一课,1
571,古代,3
572,写,14
573,汉字,1
574,得当,2
575,有无,2
576,无线,1
577,宁哥,2
578,小品,4
579,不急,1
580,12,15
581,手机,10
582,机上,2
583,前线,2
584,歌舞,2
585,歌舞团,2
586,舞团,2
587,忙,2
588,搞笑,8
589,笑哈哈,1
590,杨钰莹,13
591,放在,2
592,CP,4
593,妈,12
594,初二,9
595,魂,3
596,小姐,28
597,小姐姐,15
598,姐姐,36
599,华人,1
600,地方,29
601,不仅,2
602,不仅仅,2
603,仅仅,2
604,专门,1
605,来看,5
606,哦,30
607,节目,6
608,目的,2
609,时间,13
610,时间段,2
611,98,10
612,00,15
613,赵本山,6
614,本山,6
615,品出,1
616,出现,7
617,类似,2
618,压轴,1
619,感受一下,1
620,一下,16
621,这些,22
622,老歌,8
623,真好,25
624,棒,5
625,从,34
626,起,12
627,没了,5
628,金童,14
629,金童玉女,12
630,玉女,13
631,地摊,1
632,谣言,7
633,受害,1
634,受害者,1
635,红红,2
636,红红火火,2
637,红火,2
638,恍恍惚惚,2
639,恍惚,2
640,惚,2
641,大爷,6
642,可,15
643,开心,5
644,啦,52
645,搞,17
646,朋友,9
647,们,18
648,支持,3
649,只能,5
650,有味,5
651,味道,11
652,模仿,8
653,里面,13
654,动作,6
655,之前,7
656,每年,1
657,逗我,1
658,？！！,1
659,玩,7
660,泥巴,1
661,演员,9
662,自己,17
663,两岁,6
664,长辈,2
665,那些,9
666,没得,2
667,吃饱,1
668,饭,3
669,国风,5
670,多美,1
671,一切,3
672,好奇,1
673,新鲜,1
674,我家,9
675,那种,2
676,CD,4
677,MV,60
678,版,8
679,转世,3
680,路上,2
681,玉,1
682,建,2
683,最近,2
684,路过,11
685,再,56
686,传播,1
687,十一点,1
688,十一点左右,1
689,一点,8
690,左右,4
691,哥们,4
692,有线,2
693,麦克,6
694,麦克风,2
695,拿,5
696,着,35
697,东流,1
698,流行音乐,6
699,不朽,2
700,经典之作,1
701,完,6
702,发现,11
703,审美,1
704,停留,1
705,留在,1
706,上个,2
707,上个世纪,1
708,世纪,8
709,那会儿,2
710,会儿,2
711,24,3
712,岁,71
713,很多,15
714,多所,1
715,小,31
716,鲜肉,5
717,年轻,26
718,对口,5
719,对口型,5
720,口型,10
721,常听到,1
722,哼,2
723,过来,27
724,视频,19
725,九年,1
726,卧槽,36
727,有点,21
728,有点像,8
729,女主角,1
730,主角,1
731,尤三姐,1
732,扮演,1
733,扮演者,1
734,霜,6
735,满天,6
736,此时,4
737,想到,14
738,五岁,4
739,冯,1
740,程程,1
741,出身,3
742,怪不得,1
743,不得,4
744,特,11
745,不错,16
746,张敬轩,1
747,那儿,2
748,排练,2
749,多久,3
750,全,18
751,损,3
752,音质,8
753,原创,2
754,奎,7
755,6666,5
756,江,4
757,枫,4
758,愁,5
759,眠,4
760,再有,4
761,6,21
762,迈克,49
763,好家伙,15
764,家伙,15
765,连,15
766,做梦,1
767,梦梦,1
768,2,38
769,5,74
770,91,4
771,两位,1
772,只是,14
773,刚刚,4
774,结婚,10
775,父亲,1
776,亲爱,1
777,听的歌,5
778,生在,1
779,首,13
780,录,10
781,03,2
782,至少,4
783,少有,2
784,舞美,2
785,也好,5
786,大年,4
787,大年初二,1
788,年初二,1
789,翩翩,1
790,翩翩公子,1
791,公子,1
792,温润,4
793,如玉,4
794,威武,2
795,2012,1
796,无神,1
797,神曲,7
798,眼光,1
799,好好,40
800,看屏,1
801,屏幕,2
802,上边,1
803,气质,10
804,太好了,8
805,17,7
806,体院,6
807,院团,6
808,团支书,7
809,支书,7
810,曾经,11
811,广州,11
812,广州军区,11
813,军区,12
814,文艺,21
815,文艺兵,11
816,真君子,1
817,君子,2
818,呢,53
819,提前,1
820,即将,1
821,枫桥,5
822,夜泊,4
823,解读,1
824,帅哥,4
825,商业,1
826,~~,5
827,//,1
828,存着,1
829,上辈,1
830,上辈子,1
831,辈子,12
832,暴露,4
833,年龄,4
834,至今,1
835,感动,24
836,所有,5
837,无法,6
838,无法比拟,1
839,比拟,1
840,.,230
841,超,8
842,耳麦,4
843,昨天,2
844,今天,6
845,天明,2
846,明天,7
847,随便,2
848,走走,1
849,有意思,2
850,意思,17
851,巅峰,7
852,二十,8
853,二十世纪,1
854,十世纪,1
855,纪大,1
856,大陆,2
857,歌坛,1
858,二十大,1
859,十大,1
860,大经,1
861,经典名曲,1
862,名曲,1
863,弯弯,2
864,弯弯的,1
865,月亮,1
866,改,7
867,回不去,9
868,唱破,1
869,死,44
870,88,4
871,飘过,4
872,不出,6
873,刚出生,6
874,迷糊,1
875,太帅,19
876,14,4
877,快,20
878,呀,35
879,三岁,4
880,浪漫,3
881,赵,2
882,玉田,4
883,扑来,1
884,肚子,4
885,二十几,1
886,十几,5
887,3,45
888,其实,13
889,没什么,3
890,事,4
891,4,28
892,民初,1
893,初恋,7
894,男歌手,1
895,优雅,5
896,记忆犹新,1
897,犹新,1
898,20,21
899,我会,187
900,唯一,4
901,唯一一,1
902,一一,1
903,诗意,1
904,前面,19
905,八,3
906,组,2
907,别跑,2
908,這,2
909,張,1
910,舊,1
911,风流,3
912,复制,2
913,善良,2
914,第一首,9
915,第一首歌,7
916,叫,21
917,白云,1
918,自然,1
919,王子,1
920,比利,2
921,利金,1
922,NO,1
923,迈拉,1
924,时代,68
925,条件,1
926,可以,138
927,理解,3
928,报道,22
929,mtv,1
930,听歌,17
931,可好,1
932,最爱,12
933,之一,8
934,正月,1
935,永远,52
936,怀念,11
937,亲自,1
938,自唱,1
939,前,6
940,一把,4
941,词曲,4
942,超级,8
943,为伴,1
944,上古,1
945,古文,1
946,儿,12
947,比什,1
948,国有,1
949,嘻,1
950,哈,4
951,强,18
952,百倍,2
953,惹,3
954,一起,30
955,卡,5
956,点,11
957,7,5
958,66666,4
959,九个,1
960,十五,1
961,十五天,1
962,五天,1
963,白,12
964,集合,2
965,牛,55
966,字,13
967,延迟,1
968,心动,3
969,否认,3
970,大家,10
971,偏要,2
972,信,6
973,赵明明,1
974,明明,4
975,？？？,7
976,后来,10
977,没消,1
978,消息,1
979,是因为,14
980,因为,30
981,刺杀,1
982,而,9
983,gay,7
984,就算,1
985,同,5
986,97,2
987,忧伤,3
988,起飞,6
989,飞,13
990,歌声,1
991,古朴,1
992,雅致,1
993,李,12
994,春,3
995,燕,1
996,老婆,7
997,声线,1
998,再见,4
999,1993,5
1000,出,7
1001,柜,7
1002,玄,1
1003,不行,9
1004,承认,1
1005,媒体,1
1006,直传,1
1007,诽谤,1
1008,爆,4
1009,就义,1
1010,6666666666666666666,1
1011,15,4
1012,出去,3
1013,完整,2
1014,整首,1
1015,三,19
1016,以上,1
1017,了了,5
1018,阿,20
1019,燕好,1
1020,蚌埠,1
1021,住,3
1022,11,6
1023,落伍,2
1024,迪,1
1025,6666666,1
1026,刚好,2
1027,04,3
1028,哪里,15
1029,帅气,6
1030,85,1
1031,78,1
1032,高一,2
1033,献,1
1034,哈达,1
1035,大学,22
1036,大学毕业,7
1037,毕业,13
1038,王者,5
1039,陪练,1
1040,(✪▽✪),1
1041,uweuuhalaiin,1
1042,99,3
1043,总觉,2
1044,站住,2
1045,黎明,1
1046,666,6
1047,三年,4
1048,年半,1
1049,诗情,1
1050,诗情画意,1
1051,画意,1
1052,负,3
1053,等等,1
1054,韩,2
1055,四岁,3
1056,老哥,4
1057,80,7
1058,年来,2
1059,18,4
1060,9,4
1061,0,300
1062,前来,10
1063,居然,8
1064,身材,4
1065,古风,1
1066,古,7
1067,韵,1
1068,音色,4
1069,02,3
1070,爷,513
1071,青,505
1072,回,511
1073,！！！！,26
1074,！！！！！！！！！！！！！！,1
1075,猫,2
1076,jay,4
1077,九岁,2
1078,1996,1
1079,979797,1
1080,黄金,4
1081,黄金时代,2
1082,1,266
1083,零,1
1084,13,3
1085,2333333333333,1
1086,321,19
1087,录得,1
1088,已,11
1089,迟暮,1
1090,踪迹,1
1091,无,4
1092,82,1
1093,报到,5
1094,2021,4
1095,22,4
1096,原唱,10
1097,齊,1
1098,豫,1
1099,01,2
1100,95,4
1101,huanaici,1
1102,抱,1
1103,原版,35
1104,8,7
1105,苏州,2
1106,初三,1
1107,半岁,1
1108,qg,1
1109,没人,6
1110,关心,1
1111,几岁,1
1112,掐指,1
1113,掐指一算,1
1114,一算,1
1115,十个,4
1116,十个月,1
1117,前女友,1
1118,女友,3
1119,么,15
1120,不敢,7
1121,稳压,1
1122,一头,2
1123,男,15
1124,像,28
1125,猴子,1
1126,一样,16
1127,几句,1
1128,任贤齐,1
1129,对面,2
1130,女孩,9
1131,基,4
1132,齐豫,1
1133,职高,1
1134,学校,7
1135,男人,12
1136,一条,1
1137,舒服,3
1138,弟弟,5
1139,讨饭,1
1140,沈阳,2
1141,沈阳人,2
1142,假唱,11
1143,估计,2
1144,当,5
1145,女生,7
1146,否,1
1147,登,3
1148,破,2
1149,船,3
1150,画面,1
1151,吓人,1
1152,米,9
1153,些小,3
1154,啥,15
1155,低俗,1
1156,恶俗,2
1157,恶心,3
1158,张牙舞爪,1
1159,w93,1
1160,泰坦,1
1161,坦尼,1
1162,客,2
1163,吃奶,1
1164,衣服,8
1165,错,7
1166,想法,1
1167,吸毒,1
1168,大娘,1
1169,鸡皮,33
1170,鸡皮疙瘩,32
1171,疙瘩,32
1172,爹妈,2
1173,没死,1
1174,投胎,1
1175,你们,77
1176,小孩,1
1177,年金,1
1178,毁,2
1179,本,9
1180,陈,4
1181,晓,1
1182,琪,2
1183,厉害,13
1184,九九,1
1185,女儿,3
1186,女儿红,1
1187,陆,2
1188,毅,2
1189,差远,1
1190,差远了,1
1191,咖,1
1192,为啥,9
1193,这么晚,1
1194,一比,1
1195,同时,1
1196,同时代,1
1197,比得,2
1198,比得上,1
1199,犯罪,2
1200,大东,1
1201,人才,3
1202,人才济济,1
1203,济济,1
1204,同性,1
1205,同性恋,1
1206,尾音,1
1207,处理,1
1208,特点,2
1209,话筒,4
1210,毒,1
1211,吊打,3
1212,无病,2
1213,无病呻吟,2
1214,呻吟,2
1215,八岁,3
1216,单身,1
1217,狗,11
1218,一米,2
1219,她,15
1220,时,19
1221,一塌糊涂,1
1222,糊涂,1
1223,有没有,5
1224,整容,1
1225,美颜,2
1226,视角,1
1227,任,1
1228,泉,1
1229,KTV,3
1230,必,3
1231,同龄,1
1232,同龄人,1
1233,如果,13
1234,马上,4
1235,女一号,1
1236,一号,1
1237,滴,5
1238,口音,3
1239,常识,2
1240,德,6
1241,真多,1
1242,麻花,1
1243,辫,1
1244,全部,2
1245,部头,1
1246,10,10
1247,身高,1
1248,186,1
1249,闺,1
1250,蜜,3
1251,老公,4
1252,包天,1
1253,烂,1
1254,大街,2
1255,五十,2
1256,五十多,1
1257,十多,2
1258,是否,3
1259,是否是,1
1260,影响,5
1261,侧,1
1262,堪称,1
1263,完美,4
1264,高中,10
1265,妞儿,1
1266,作好,1
1267,绅士,2
1268,换成,1
1269,孩子,10
1270,怪,3
1271,弹幕,36
1272,小弟,3
1273,小弟弟,1
1274,小妹,1
1275,小妹妹,1
1276,妹妹,2
1277,可爱,118
1278,舞台,3
1279,男团,1
1280,呆子,1
1281,不赖,1
1282,果然,5
1283,影,2
1284,差,2
1285,于,4
1286,up,5
1287,熟读,1
1288,国史,1
1289,国史大纲,1
1290,大纲,1
1291,浓眉,2
1292,浓眉大眼,2
1293,大眼,2
1294,眼睛,16
1295,很大,2
1296,翘,1
1297,屁,2
1298,嫩,1
1299,盛世,1
1300,小屁孩,1
1301,配合,3
1302,李春波,1
1303,有名,2
1304,代表,3
1305,代表作,1
1306,南京,1
1307,不要,61
1308,不配,14
1309,别扭,1
1310,女伴,2
1311,傻,2
1312,。。。。,9
1313,岁月,2
1314,春节,1
1315,大班,1
1316,真快,2
1317,姥姥,1
1318,去世,5
1319,八年,1
1320,下,9
1321,大妈,1
1322,模样,2
1323,鼓捣,1
1324,上去,2
1325,长得帅,1
1326,有关,1
1327,关系,4
1328,面会,1
1329,厂子,1
1330,电视,6
1331,电视台,2
1332,整天,2
1333,重播,2
1334,包括,2
1335,赵丽蓉,1
1336,陈佩斯,4
1337,佩斯,6
1338,YYQX,1
1339,臭,1
1340,鱼烂虾,1
1341,憨,2
1342,鹅,1
1343,风骚,3
1344,黑白,5
1345,黑白电视,1
1346,电视机,1
1347,库门,1
1348,没关,2
1349,看上,2
1350,上面,4
1351,女演员,2
1352,听不出,4
1353,出口,1
1354,央视,4
1355,杨,4
1356,帆,1
1357,神韵,1
1358,小蝌蚪,1
1359,蝌蚪,2
1360,哪种,1
1361,味十足,1
1362,十足,2
1363,对不起,8
1364,字幕,18
1365,挡住,1
1366,脸,8
1367,还以,6
1368,锐,2
1369,拉大,2
1370,大提琴,2
1371,提琴,2
1372,本人,1
1373,握手,2
1374,手,24
1375,!!!,6
1376,想要,13
1377,正气,1
1378,23,5
1379,这人,2
1380,!!,2
1381,清新,3
1382,典雅,2
1383,和善,3
1384,区政,1
1385,政治,1
1386,政治部,1
1387,谢谢,20
1388,辽宁,1
1389,涵养,1
1390,说出,1
1391,闭嘴,1
1392,再以,1
1393,以讹传讹,1
1394,讹传,1
1395,传讹,1
1396,骨子,1
1397,骨子里,1
1398,质朴,1
1399,向,2
1400,致敬,8
1401,好人,1
1402,陶醉,1
1403,奥,4
1404,演得,1
1405,进入,2
1406,进入状态,1
1407,状态,3
1408,男女,1
1409,男女老少,1
1410,老少,1
1411,类型,1
1412,愿意,3
1413,潜,9
1414,当过,1
1415,世家,2
1416,歌剧,1
1417,歌剧院,1
1418,剧院,2
1419,科班,1
1420,中央,1
1421,中央电视台,1
1422,全套,1
1423,全套设备,1
1424,设备,1
1425,最先,1
1426,先进,1
1427,日本,1
1428,本原,1
1429,原装,1
1430,装进,1
1431,进口,1
1432,进口货,1
1433,而已,3
1434,正大,1
1435,正大光明,1
1436,大光,1
1437,光明,1
1438,词曲作者,1
1439,作者,1
1440,可能,5
1441,能力,2
1442,开口,18
1443,跪,15
1444,当然,3
1445,万恶,2
1446,小报,1
1447,记者,1
1448,易,2
1449,峰,2
1450,北人,1
1451,听不出来,1
1452,好好看,8
1453,整,4
1454,没用,1
1455,明显,3
1456,四天,1
1457,嗓音,7
1458,假,5
1459,姥爷,1
1460,婚礼,1
1461,央视春晚,3
1462,期待,1
1463,将来,2
1464,晚会,1
1465,让,101
1466,全世界,6
1467,各国,2
1468,国能,1
1469,符合,1
1470,场景,2
1471,纪念,2
1472,>>,1
1473,浓浓,1
1474,浓浓的,1
1475,造谣,2
1476,out,1
1477,一只,2
1478,把,16
1479,杀猪,1
1480,杀猪刀,1
1481,演技,1
1482,到位,2
1483,明星,6
1484,个别,1
1485,太轻,1
1486,轻松,2
1487,行,3
1488,据说,2
1489,大佬,9
1490,对对,2
1491,烊,1
1492,千,2
1493,玺,1
1494,越来,10
1495,越来越,10
1496,害人,1
1497,害人不浅,1
1498,算,3
1499,模特,1
1500,收音,1
1501,不好,11
1502,全面,1
1503,学习,2
1504,香港,2
1505,社会,3
1506,复杂,1
1507,产物,1
1508,从没,1
1509,出过,1
1510,一股,2
1511,股民,1
1512,民国,1
1513,既,2
1514,视,2
1515,王,15
1516,思妇,1
1517,那里,12
1518,里来,4
1519,大个,1
1520,郎才女貌,1
1521,才女,1
1522,貌,1
1523,宁要,1
1524,要是,5
1525,晚,1
1526,最后,34
1527,一对,1
1528,对比,1
1529,简直,9
1530,红字,3
1531,没错,3
1532,捅,1
1533,毛毛,1
1534,比得过,1
1535,～,36
1536,女同学,1
1537,同学,5
1538,织,1
1539,出门,3
1540,矮,1
1541,锥子,1
1542,６６６,1
1543,封杀,1
1544,难道,1
1545,传说,5
1546,先,3
1547,投币,3
1548,灵活,1
1549,滑稽,3
1550,选择,13
1551,角色,1
1552,英雄,13
1553,台球,5
1554,台球桌,3
1555,赌场,2
1556,桌子,3
1557,兄弟,12
1558,兄弟会,1
1559,偷,1
1560,袈裟,1
1561,那位,4
1562,实是,5
1563,正式,3
1564,决斗,4
1565,斗方,1
1566,方式,2
1567,两,6
1568,人手,1
1569,牵住,1
1570,另外,2
1571,打架,34
1572,松手,1
1573,输,3
1574,胡,1
1575,志,1
1576,明,6
1577,道,3
1578,梦,32
1579,迈,36
1580,请来,1
1581,黑帮,45
1582,拍,10
1583,带劲,5
1584,大都,1
1585,2008,1
1586,隔,3
1587,山,4
1588,beat,5
1589,it,7
1590,美国,73
1591,俚语,1
1592,避开,9
1593,并,7
1594,字面,1
1595,转头,1
1596,这里,31
1597,卷帘,1
1598,卷帘门,1
1599,科幻,1
1600,科幻片,1
1601,约,4
1602,架,4
1603,！（,2
1604,大声,1
1605,地下,3
1606,舞者,2
1607,歌迷,6
1608,同化,12
1609,化成,6
1610,成功,10
1611,面,19
1612,剧,2
1613,炮,1
1614,班,3
1615,这段,22
1616,solo,8
1617,币,54
1618,mj,22
1619,不如,43
1620,如来,2
1621,起跳,3
1622,站,24
1623,看戏,2
1624,仓库,1
1625,库里,1
1626,做,13
1627,背景,4
1628,圈,4
1629,混混,2
1630,放到,3
1631,依然,8
1632,六亲,3
1633,六亲不认,3
1634,步伐,3
1635,打着,2
1636,相爱,1
1637,两伙,1
1638,不求,1
1639,酬劳,1
1640,只求,1
1641,上镜,1
1642,猪肉,4
1643,佬,3
1644,何尝,1
1645,不想,8
1646,想成,2
1647,舞蹈家,1
1648,截图,3
1649,选,8
1650,过分,5
1651,拍摄,1
1652,找,3
1653,但是,8
1654,神秘,1
1655,神秘感,1
1656,拉,6
1657,足,2
1658,毕竟,2
1659,竟是,2
1660,巨星,3
1661,蓝,1
1662,牙,3
1663,接,2
1664,问,12
1665,MJ,26
1666,莱德,6
1667,德尔,6
1668,？（,1
1669,圣,4
1670,安,13
1671,列斯,4
1672,边,3
1673,老迈,5
1674,天赋,2
1675,吵,4
1676,晚上,3
1677,睡觉,4
1678,空气,2
1679,烫,2
1680,嘴,7
1681,百草,1
1682,百草园,1
1683,杀,7
1684,三味,1
1685,三味书屋,1
1686,书屋,1
1687,住手,12
1688,手快,1
1689,阳光,1
1690,小伙子,2
1691,伙子,2
1692,只要,4
1693,心中,1
1694,迷失,1
1695,迈克尔,36
1696,克尔,36
1697,杰克,38
1698,杰克逊,37
1699,克逊,39
1700,仇恨,3
1701,仍然,4
1702,满怀,4
1703,满怀希望,3
1704,希望,17
1705,绝望,2
1706,敢于,3
1707,梦想,3
1708,有人,26
1709,菜,1
1710,下毒,1
1711,大伙,1
1712,吃,13
1713,从未,1
1714,超越,7
1715,正是,1
1716,猴,2
1717,性,1
1718,顽劣,1
1719,doge,8
1720,搭,1
1721,似乎,2
1722,仍,2
1723,声卡,1
1724,甘拜下风,1
1725,下风,1
1726,维,1
1727,希,2
1728,法,2
1729,国,18
1730,游,3
1731,击,4
1732,队,2
1733,舞蹈演员,3
1734,尤其,1
1735,演,1
1736,实在,2
1737,发起,1
1738,帮派,6
1739,斗殴,1
1740,空,5
1741,耳,5
1742,继承,1
1743,硬币,3
1744,百老,1
1745,百老汇,1
1746,舞蹈团,1
1747,剑,2
1748,打输,1
1749,住院,1
1750,打赢,1
1751,坐牢,1
1752,传人,4
1753,黑道,1
1754,植物,1
1755,大战,2
1756,僵尸,11
1757,灵感,3
1758,来源,2
1759,妈呀,3
1760,节奏,14
1761,近藤,1
1762,静,1
1763,与,17
1764,板本,1
1765,战争,5
1766,那次,1
1767,场面,7
1768,拉架,1
1769,打死,1
1770,白鹤,1
1771,亮,19
1772,翅,1
1773,法国,1
1774,游击,1
1775,游击队,1
1776,Mv,2
1777,忍,5
1778,者,5
1779,龟,3
1780,葛洛夫,1
1781,洛夫,1
1782,Ⅴ,1
1783,s,6
1784,巴拉,3
1785,巴拉斯,3
1786,拉斯,3
1787,拜托,1
1788,标准,2
1789,姿,1
1790,"[""",54
1791,160,28
1792,""",""",284
1793,552,28
1794,对错,3
1795,不重,4
1796,重要,6
1797,\,24
1798,nIt,3
1799,Doesn,3
1800,t,8
1801,Matter,3
1802,Who,3
1803,Wrong,3
1804,Or,3
1805,Right,3
1806,n,14
1807,""",",184
1808,",",192
1809,",""",137
1810,500,60
1811,SimHei,38
1812,],73
1813,发狠,1
1814,耍,1
1815,狂,2
1816,nShowin,1
1817,How,1
1818,Funky,1
1819,Strong,1
1820,Is,1
1821,Your,2
1822,Fighter,1
1823,认输,1
1824,nNo,1
1825,One,1
1826,Wants,1
1827,To,1
1828,Be,4
1829,Defeated,1
1830,nJust,1
1831,Beat,11
1832,It,8
1833,却,9
1834,逞强,1
1835,nSo,2
1836,But,1
1837,You,6
1838,Wanna,4
1839,Bad,1
1840,容忍,1
1841,尽,2
1842,所能,2
1843,nYou,2
1844,Tough,1
1845,Better,4
1846,Do,2
1847,What,3
1848,Can,2
1849,流血,1
1850,逞能,1
1851,nDon,2
1852,See,2
1853,No,2
1854,Blood,1
1855,A,2
1856,Macho,1
1857,Man,1
1858,跑,2
1859,Run,1
1860,Just,3
1861,怒火,1
1862,他们,18
1863,眼中,1
1864,升腾,1
1865,话语,1
1866,格外,1
1867,明白,3
1868,nThe,1
1869,Fire,1
1870,Their,2
1871,Eyes,1
1872,And,1
1873,Words,1
1874,Are,1
1875,Redlly,1
1876,Clear,1
1877,想见,1
1878,见到,2
1879,滚蛋,1
1880,！\,1
1881,Face,1
1882,Disappear,1
1883,告诉,1
1884,胆敢,1
1885,再来,16
1886,？\,1
1887,nThey,1
1888,Toid,1
1889,Don,1
1890,Ever,1
1891,Come,1
1892,Around,1
1893,Here,1
1894,"?"",",1
1895,132,1
1896,118,1
1897,MJyyds,1
1898,685,1
1899,529,1
1900,话,11
1901,语里,1
1902,逃跑,1
1903,事不关己,1
1904,不关,1
1905,己,1
1906,地球,6
1907,第一支,2
1908,一支,2
1909,有情,1
1910,情节,3
1911,颤栗,5
1912,这车,3
1913,急转,1
1914,急转弯,1
1915,转弯,1
1916,掉,3
1917,满员,2
1918,没动,2
1919,表情,2
1920,包,2
1921,咋,8
1922,回事,3
1923,死亡,7
1924,死亡之屋,1
1925,款,2
1926,铁门,1
1927,Micheal,1
1928,原义,1
1929,大丈夫,1
1930,丈夫,1
1931,能屈能伸,1
1932,能伸,1
1933,蛮横,1
1934,躲,4
1935,舞王,15
1936,了解,5
1937,唱功,8
1938,DOJIMA,1
1939,SOHEI,1
1940,↑,2
1941,脚,1
1942,跺,1
1943,录音带,1
1944,音带,1
1945,吵架,1
1946,溜,1
1947,黒,1
1948,帮,4
1949,跳起,3
1950,吵到,1
1951,精神,5
1952,心疼,14
1953,原型,9
1954,刘华强,1
1955,表示,3
1956,同行,1
1957,幻听,1
1958,避雷,14
1959,噜,1
1960,雪,3
1961,冰,1
1962,城,3
1963,狂野,1
1964,白衣,2
1965,老大,8
1966,老大哥,3
1967,鞋,4
1968,一辈,9
1969,一辈子,8
1970,洗,1
1971,明示,1
1972,忍者,6
1973,忍者神龟,6
1974,神龟,6
1975,注意,6
1976,鬼怪,1
1977,筛糠,1
1978,再次,7
1979,说明,1
1980,皮肤,6
1981,皮肤病,1
1982,漂白,2
1983,暴力,3
1984,打斗,2
1985,和谐,2
1986,成,18
1987,第一个,3
1988,剧情,2
1989,MTV,1
1990,历史,7
1991,逐渐,2
1992,前方,29
1993,铃声,6
1994,插手,1
1995,的哥,1
1996,街头,3
1997,艺术家,4
1998,术家,4
1999,面子,2
2000,子果,2
2001,果实,2
2002,拥有,4
2003,拥有者,1
2004,如今,2
2005,少,7
2006,妖,1
2007,实在太,1
2008,翻,1
2009,劝架,5
2010,窗子,1
2011,子关,1
2012,关上,1
2013,猛,2
2014,甩头,1
2015,断,1
2016,按,3
2017,排,18
2018,爆炸,2
2019,头,3
2020,坐,2
2021,一脸,2
2022,一脸茫然,1
2023,茫然,1
2024,叶,2
2025,师傅,3
2026,尝试,1
2027,攻,1
2028,路,2
2029,半夜,2
2030,群殴,1
2031,甩手,1
2032,甩,3
2033,折叠,1
2034,刀,2
2035,之,34
2036,摇,5
2037,家,3
2038,补课,3
2039,旁边,5
2040,喷泉,1
2041,脑壳,1
2042,摇起,2
2043,摇起来,2
2044,超载,4
2045,小心,3
2046,罚款,1
2047,右声道,1
2048,声道,2
2049,耶,12
2050,亿,16
2051,遍,16
2052,每节,1
2053,每节课,1
2054,«,1
2055,越,6
2056,共,3
2057,»,1
2058,右上,1
2059,右上角,1
2060,上角,1
2061,设置,1
2062,打开,6
2063,中文,4
2064,中文字幕,1
2065,文字,2
2066,文字幕,1
2067,小可,1
2068,小可爱,1
2069,专业,20
2070,团队,2
2071,看着,4
2072,女孩子,1
2073,取,3
2074,名,4
2075,一回,1
2076,早上,1
2077,酒店,1
2078,早餐,1
2079,疯,3
2080,警察,1
2081,避,2
2082,不开,2
2083,俩,5
2084,员,1
2085,谭,5
2086,警官,29
2087,下来,6
2088,被叫,1
2089,趴在,1
2090,在家,2
2091,家里,2
2092,响指,1
2093,指好,1
2094,罗,3
2095,键,1
2096,达成,4
2097,共识,3
2098,贼,1
2099,潮,3
2100,夹克,4
2101,肥,1
2102,裤,2
2103,牛仔,2
2104,牛仔服,1
2105,仔服,1
2106,板,2
2107,好酷,2
2108,考研,1
2109,熬过,1
2110,漫长,1
2111,备考,1
2112,考季,1
2113,耐看,1
2114,步,2
2115,电吉他,4
2116,吉他,14
2117,太爽了,3
2118,全员,2
2119,软体,1
2120,软体动物,1
2121,动物,1
2122,扣,1
2123,驯服,1
2124,美洲,1
2125,珍贵,1
2126,影像,1
2127,青龙,1
2128,青龙帮,1
2129,帮帮,1
2130,帮主,1
2131,出阵,1
2132,原片,1
2133,片段,2
2134,underground,1
2135,年轻人,3
2136,涉足,1
2137,卷入,1
2138,力斗,1
2139,斗争,3
2140,罪恶,4
2141,罪恶都市,3
2142,都市,3
2143,猫和老鼠,1
2144,老鼠,1
2145,几只,1
2146,坏猫,1
2147,hhhh,4
2148,名画,3
2149,人员,1
2150,注,2
2151,背后,1
2152,真实,6
2153,教练,1
2154,想学,1
2155,咧,4
2156,围观,1
2157,戴,2
2158,墨镜,2
2159,粉,29
2160,帮成,1
2161,成员,4
2162,下岗,1
2163,就业,1
2164,[《,1
2165,每周,1
2166,》],1
2167,奥特,2
2168,弹珠,1
2169,机,1
2170,之乐,1
2171,DNA,12
2172,上来,3
2173,俄,2
2174,乌,2
2175,名字,6
2176,娃子,5
2177,地瓜,4
2178,有钱,11
2179,保证,1
2180,还好,4
2181,关键,1
2182,到底,6
2183,是不是,14
2184,好不好,2
2185,花光,1
2186,保佑,3
2187,上线,4
2188,害臊,1
2189,盖亚,1
2190,！！！！！！！！！！,3
2191,Im,1
2192,山本,1
2193,打牌,2
2194,总以为,1
2195,马国,1
2196,国光,1
2197,光唱,1
2198,五,1
2199,内,3
2200,～～～,3
2201,天才,4
2202,载入,1
2203,载入史册,1
2204,史册,1
2205,拉登,1
2206,国人,10
2207,冰城,1
2208,打群架,2
2209,群架,2
2210,毕,4
2211,雷,9
2212,事情,5
2213,格罗,4
2214,格罗夫,4
2215,∨,1
2216,S,1
2217,弄,4
2218,夏天,1
2219,冬天,1
2220,第二支,1
2221,二支,1
2222,支队,1
2223,支队长,1
2224,队长,1
2225,合流,1
2226,提,2
2227,急,2
2228,白癜风,10
2229,红斑,2
2230,红斑狼疮,2
2231,狼疮,2
2232,尸检,2
2233,得出,1
2234,结果,2
2235,推向,1
2236,高峰,1
2237,↓,10
2238,反对,1
2239,正,4
2240,能量,2
2241,满满,6
2242,颠,1
2243,栗,1
2244,瓜皮,1
2245,皮子,1
2246,金子,1
2247,爱看,2
2248,尓,1
2249,转圈,1
2250,转圈圈,1
2251,圈圈,1
2252,直到,2
2253,BAD,2
2254,时期,6
2255,几乎,3
2256,家私,2
2257,比来,1
2258,房间,2
2259,xie,1
2260,狗头,6
2261,极了,1
2262,睡不着,1
2263,不着,1
2264,觉,1
2265,michael,1
2266,师从,1
2267,王家,1
2268,王家卫,1
2269,纽约,1
2270,坑,14
2271,陵,1
2272,放弃,4
2273,别加,1
2274,加入,1
2275,宝,7
2276,开,10
2277,曾,2
2278,家人,2
2279,告,1
2280,法庭,1
2281,败诉,1
2282,快要,2
2283,斗,4
2284,周星驰,5
2285,星驰,5
2286,少林,1
2287,少林足球,1
2288,走路,3
2289,如果说,4
2290,M,1
2291,V,7
2292,发明,4
2293,发明人,1
2294,明人,2
2295,按理,1
2296,按理说,1
2297,应该,18
2298,该是,8
2299,披头,1
2300,披头士,1
2301,正好,1
2302,dna,1
2303,动,15
2304,本身,2
2305,肤色,5
2306,买,4
2307,土豆,1
2308,变得,4
2309,得有,2
2310,发动,2
2311,秋裤,1
2312,bilibili,2
2313,应,2
2314,b,3
2315,主题,2
2316,主题曲,1
2317,混血,1
2318,印第安,3
2319,印第安人,3
2320,安人,4
2321,血统,1
2322,双声,1
2323,双声道,1
2324,好评,8
2325,战,4
2326,后边,1
2327,边儿,1
2328,太酷,1
2329,尬,1
2330,白人,3
2331,抢,3
2332,位置,1
2333,巨,3
2334,作词,3
2335,云,7
2336,战栗,1
2337,碟子,1
2338,翻译,3
2339,翻译成,1
2340,译成,1
2341,列,3
2342,~*,1
2343,赶集,4
2344,基本,1
2345,入门,1
2346,故事情节,1
2347,起身,1
2348,奋斗,1
2349,无数,1
2350,无数次,1
2351,数次,1
2352,世人,1
2353,人大,1
2354,大多,2
2355,大多数,2
2356,多数,3
2357,刚,6
2358,肚子饿,1
2359,现状,1
2360,高手,2
2361,四五,1
2362,四五年,1
2363,五年,2
2364,龙王,1
2365,鹰王,1
2366,教育,1
2367,意义,5
2368,上院,1
2369,曲意,1
2370,战歌,2
2371,GTA,2
2372,泪,45
2373,目,41
2374,左手,3
2375,右手,5
2376,问题,5
2377,地下党,2
2378,打击,1
2379,根,1
2380,闹着玩,1
2381,似的,3
2382,现象,1
2383,用心,3
2384,每个,5
2385,精心,1
2386,搭配,2
2387,退一步,1
2388,退一步海,1
2389,一步,1
2390,海阔天空,1
2391,天空,1
2392,摇滚,4
2393,自愿,1
2394,演出,4
2395,两派,1
2396,调理,1
2397,理好,1
2398,女士,1
2399,很久,5
2400,久之,1
2401,搞笑版,1
2402,大笑,1
2403,笑脸,1
2404,需要,13
2405,芝加哥,1
2406,打字,1
2407,打字机,1
2408,有劲,1
2409,劲儿,1
2410,单挑,1
2411,参观,1
2412,罪,1
2413,日常,1
2414,再过,1
2415,二十年,2
2416,一车,3
2417,车皮,2
2418,卡人,2
2419,DV,1
2420,多少,7
2421,内部,1
2422,电影,3
2423,有致,1
2424,探,2
2425,二胡,3
2426,匡,1
2427,威,2
2428,钱,3
2429,布拉,1
2430,布拉格,1
2431,拉格,1
2432,格式,1
2433,角斗,1
2434,蜕化,1
2435,得以,1
2436,网吧,6
2437,循环,7
2438,》，,2
2439,一天,7
2440,天一,3
2441,一夜,1
2442,清晰,3
2443,清晰度,1
2444,上星期,1
2445,星期,1
2446,强调,2
2447,调和,3
2448,和平,10
2449,和平相处,1
2450,相处,1
2451,感到,1
2452,心,12
2453,暖,3
2454,调好,3
2455,说好,2
2456,直接,11
2457,woc,2
2458,欢舞,1
2459,林,1
2460,印度,3
2461,接进,1
2462,进去,3
2463,高能,21
2464,08,2
2465,无限,2
2466,讲,2
2467,镜头,1
2468,头前,1
2469,聪明,12
2470,聪明人,1
2471,干,6
2472,听说,2
2473,街机,1
2474,打去,1
2475,练,1
2476,室,1
2477,不能不,1
2478,不能不要,1
2479,！！？,2
2480,站着不动,1
2481,不动,4
2482,同步,5
2483,系列,11
2484,般的,2
2485,拿刀,2
2486,不公,2
2487,公平,2
2488,短剑,2
2489,（★）,2
2490,驱,2
2491,魔,3
2492,看得,2
2493,西瓜,2
2494,~，,1
2495,用光,2
2496,不好意思,2
2497,好意,4
2498,好意思,4
2499,走错,1
2500,噢,3
2501,多年,12
2502,海伦,15
2503,弹,3
2504,的确,1
2505,面有,3
2506,感染,2
2507,帅呆了,2
2508,转身,1
2509,JoJo,1
2510,立,4
2511,红色,7
2512,漆,1
2513,袜,2
2514,一响,3
2515,周比利,1
2516,救命,4
2517,中二,4
2518,青年,4
2519,彬彬,2
2520,全体,35
2521,起立,46
2522,！！！！！,9
2523,GTA5,2
2524,CJ,6
2525,感谢,17
2526,下方,1
2527,摇摆,2
2528,阳,2
2529,友,1
2530,咩,5
2531,帝,6
2532,杀手,1
2533,捏,1
2534,鸽,2
2535,thriller,3
2536,求,4
2537,莫,1
2538,左撇子,1
2539,吃亏,3
2540,】？,1
2541,面包,2
2542,笑容,3
2543,清纯,1
2544,70,1
2545,毁灭,1
2546,班里,2
2547,认识,3
2548,？！！！！,1
2549,星,3
2550,cos,1
2551,李小龙,1
2552,小龙,1
2553,造型,2
2554,官方,4
2555,175,2
2556,缩水,1
2557,178,1
2558,稀释,1
2559,差不多,1
2560,不多,1
2561,被绑,1
2562,绑住,2
2563,好吃,1
2564,fairplay,1
2565,远点,1
2566,包吃,1
2567,累,1
2568,暴走,1
2569,暴走族,1
2570,准备,4
2571,出道,9
2572,吉他手,1
2573,必学,1
2574,范本,1
2575,！~,2
2576,捍卫,1
2577,捍卫者,1
2578,cj,2
2579,汤,4
2580,普,3
2581,尼,3
2582,世界级,3
2583,多乐,1
2584,乐队,4
2585,队歌,1
2586,大气,1
2587,成就,2
2588,小巫见大,1
2589,小巫见大巫,1
2590,大巫,1
2591,整个,4
2592,祖,2
2593,啥意思,1
2594,要来,3
2595,AI,1
2596,nb,4
2597,众,9
2598,虚假,1
2599,秧歌,5
2600,star,5
2601,笑醒,1
2602,醒过来,1
2603,腰,1
2604,鬼畜,18
2605,编曲,4
2606,是从,6
2607,右下,4
2608,右下角,2
2609,下角,2
2610,字体,2
2611,终结,1
2612,终结者,1
2613,风不,2
2614,白血,1
2615,白血病,1
2616,ˉ,2
2617,景,3
2618,梅,5
2619,西,6
2620,钻出,1
2621,钻出来,1
2622,JO,1
2623,太郎,1
2624,眼神,17
2625,左边,2
2626,印象,2
2627,深刻,1
2628,乱说,1
2629,不良,2
2630,不良少年,2
2631,悔改,2
2632,soid,1
2633,听不懂,3
2634,唉,6
2635,喜,1
2636,保命,2
2637,烧伤,1
2638,酷,6
2639,劲,1
2640,第二首,1
2641,二首,1
2642,学会,1
2643,英文,3
2644,英文歌,1
2645,金属,1
2646,礼,1
2647,诚,1
2648,欺,1
2649,想去,5
2650,新,11
2651,宝岛,2
2652,绑,1
2653,那人,1
2654,血亏,1
2655,扔,1
2656,烟,2
2657,最爽,1
2658,嗨,3
2659,没想,3
2660,没想到,3
2661,降,1
2662,音,19
2663,入,14
2664,干净,3
2665,第,1
2666,每天,21
2667,嘿,2
2668,SOLO,1
2669,大师,5
2670,鲁迅,1
2671,天生,3
2672,看完,4
2673,继续,2
2674,好好学,1
2675,好好学习,1
2676,好学,1
2677,感染力,1
2678,试,1
2679,过载,1
2680,模式,1
2681,火并,2
2682,敢不敢,1
2683,比划,2
2684,瓶盖,1
2685,没开,1
2686,正在,4
2687,高级,4
2688,战斗,2
2689,slash,1
2690,逼,34
2691,呜,6
2692,警告,4
2693,麻雀,1
2694,MAN,1
2695,第四,1
2696,第四年,1
2697,越共,2
2698,探头,2
2699,We,3
2700,are,3
2701,going,1
2702,back,1
2703,home,1
2704,好想你,2
2705,闪,5
2706,van,3
2707,四十,1
2708,四十年,1
2709,干净利落,1
2710,净利,1
2711,利落,1
2712,金曲,2
2713,bed,2
2714,彻底,2
2715,沸腾,1
2716,搬家,1
2717,丢,8
2718,QAQ,2
2719,请挑,1
2720,挑选,1
2721,RICK,1
2722,查私,1
2723,JOJO,1
2724,可算,1
2725,找到,4
2726,出处,1
2727,衣着,1
2728,街,5
2729,燃起,1
2730,潮流,4
2731,185,1
2732,外套,5
2733,不得了,1
2734,国内,6
2735,直译,1
2736,没上,1
2737,每日,7
2738,天王,6
2739,画质,5
2740,感人,2
2741,专辑,6
2742,白化,4
2743,创,1
2744,造,1
2745,营,1
2746,笔,6
2747,手动,3
2748,回音,2
2749,裂,4
2750,很少,2
2751,慈善,3
2752,关注,2
2753,注音,1
2754,计较,1
2755,心里,11
2756,认为,2
2757,气,1
2758,徐锦江,1
2759,锦江,1
2760,加斯,1
2761,壁垒,2
2762,助手,1
2763,求求,2
2764,保,1
2765,熟,1
2766,点头,2
2767,IFTTT,3
2768,纳米,1
2769,龙,4
2770,YYDS,6
2771,没钱,2
2772,充,3
2773,会员,3
2774,高级人才,1
2775,聚集,1
2776,聚集地,1
2777,嘞,6
2778,200,4
2779,起步,1
2780,按次,1
2781,收费,6
2782,舞台剧,1
2783,台剧,1
2784,表演,1
2785,rap,3
2786,这件,2
2787,服好,1
2788,眼熟,1
2789,服,6
2790,化,4
2791,复古,1
2792,一遍,15
2793,Duel,1
2794,半袋,1
2795,水泥,1
2796,助阵,1
2797,打起,2
2798,X,4
2799,大开大合,1
2800,开大,1
2801,合,2
2802,畅快,2
2803,一百,5
2804,一百万,1
2805,百万,3
2806,MJNB,1
2807,投,5
2808,强者,1
2809,武斗,2
2810,变,15
2811,战士,2
2812,evh,1
2813,无敌,10
2814,如此,6
2815,jishiya,1
2816,听成,3
2817,扁,1
2818,Dio,1
2819,行为,2
2820,隔离,2
2821,瞬间,3
2822,iPhone,1
2823,加,7
2824,天下,5
2825,天下无敌,1
2826,野生,2
2827,生字,2
2828,君,7
2829,德芙,1
2830,丝,4
2831,滑,4
2832,帮会,1
2833,针,2
2834,戳,2
2835,sir,1
2836,狂喜,3
2837,间奏,2
2838,弹奏,1
2839,真神,3
2840,张伯伦,1
2841,遗憾,2
2842,没来,1
2843,没看,2
2844,干架,1
2845,宝藏,3
2846,咋办,1
2847,黑杰克,1
2848,哔,9
2849,哩,7
2850,梨,1
2851,瓜,7
2852,呦,5
2853,甜,5
2854,燃,2
2855,立马,1
2856,沃,1
2857,斯,5
2858,克,4
2859,蓝色,2
2860,贝尔,6
2861,贝尔斯,1
2862,尔斯,4
2863,其他,4
2864,麻烦,1
2865,刷,5
2866,填词,1
2867,好笑,1
2868,欢迎,15
2869,轮回,2
2870,级,4
2871,!!!!!,1
2872,tm,1
2873,第二排,1
2874,二排,1
2875,左,2
2876,二,6
2877,僵硬,1
2878,方向,1
2879,！！！！！！！！,4
2880,国是,2
2881,进步,1
2882,麻,4
2883,匪,1
2884,深圳,1
2885,法律,1
2886,法律意识,1
2887,意识,1
2888,式,4
2889,为了,6
2890,杰,124
2891,逊,4
2892,ohhhhhhhhhhhhhhhhhhhhhhhhhhhhhhhhhhhhhhhhhhhhhhhhhhhhhhhhhhhhhhh,1
2893,情,2
2894,投入,1
2895,AKC,1
2896,窗户,1
2897,户外,1
2898,BananaFish,1
2899,洛克,1
2900,抖,1
2901,伦台,1
2902,斯诺,1
2903,斯诺克,1
2904,诺克,1
2905,靠,11
2906,撞击,1
2907,得分,2
2908,进球,1
2909,刚才,2
2910,相当,1
2911,超然,1
2912,。。。。。。。。,2
2913,下水,2
2914,下水道,2
2915,水道,2
2916,出场,3
2917,白化病,3
2918,個,1
2919,ganster,1
2920,—————————————————,1
2921,————————————————————,1
2922,绑脚,1
2923,忘,1
2924,火星,1
2925,艾伦,1
2926,格,1
2927,尔,4
2928,力量,3
2929,halen,2
2930,嗯,4
2931,红军,2
2932,五官,1
2933,溜子,1
2934,party,1
2935,嘎嘎,1
2936,Judas,1
2937,赛,3
2938,博,1
2939,朋克,1
2940,1983,2
2941,潇洒,1
2942,太棒,3
2943,太棒了,3
2944,一些,3
2945,古巴,1
2946,古巴人,1
2947,巴人,1
2948,地狱,1
2949,更酷,1
2950,磊,1
2951,推荐,3
2952,!!!!,2
2953,♂,5
2954,不在,8
2955,贝斯,1
2956,QQ,2
2957,原,10
2958,bia,1
2959,梦幻,2
2960,振聋发,1
2961,振聋发聩,1
2962,NBNBNBNBNB,1
2963,你好,4
2964,酱,3
2965,吼,2
2966,阿米,1
2967,够,5
2968,袭,1
2969,夸张,1
2970,just,1
2971,青涩,5
2972,文,2
2973,松,2
2974,顺滑,1
2975,正确,2
2976,球馆,1
2977,三十,2
2978,三十岁,2
2979,十岁,2
2980,风发,4
2981,发作,1
2982,参考,1
2983,冯小刚,1
2984,旁观,1
2985,牛鬼,1
2986,牛鬼蛇神,1
2987,辟,1
2988,愛,2
2989,いい,1
2990,真心,2
2991,救,2
2992,兔,1
2993,池,1
2994,喷,1
2995,咖啡,2
2996,？？？？？？？？？？？？？？？？？？？？？？？？？？？？？？？？？？？？？？？？？？？？？？？？？？？？？？？？？？？？？？？？？？？？？？？？？？？？？？？？？？？？？？？？？？？？？？？？？？？？,1
2997,itttttttttttttttttttttttt,1
2998,c,1
2999,地道,1
3000,地道战,1
3001,七八,1
3002,七八岁,1
3003,天使,2
3004,搜,2
3005,久远,1
3006,震撼,5
3007,苗条,1
3008,龙哥,1
3009,灰色,1
3010,跳跑,1
3011,偏,1
3012,为,21
3013,贡献,2
3014,Dna,2
3015,威斯,1
3016,斯布鲁克,1
3017,布鲁克,1
3018,盘,15
3019,尤里,1
3020,新兵,1
3021,蜘蛛,1
3022,蜘蛛侠,1
3023,MAX,1
3024,哇哇,18
3025,ohhhh,2
3026,炸,2
3027,完成,1
3028,胶布,1
3029,EVH,1
3030,神仙,14
3031,成龙,1
3032,紫,1
3033,禁,1
3034,巅,1
3035,好瘦,1
3036,niiiiiice,1
3037,jojo,1
3038,疯狂,17
3039,擦,3
3040,awsl,11
3041,黑皮,1
3042,戴帽,1
3043,戴帽子,1
3044,帽子,1
3045,马,15
3046,夏,2
3047,233,1
3048,乔,1
3049,脚步,3
3050,脚步声,1
3051,mjyyds,1
3052,oooh,1
3053,驻马店,1
3054,马店,1
3055,dooo,1
3056,初始,2
3057,借鉴,1
3058,中小,1
3059,四年级,3
3060,年级,8
3061,学生,3
3062,funky,2
3063,比武,1
3064,部落,1
3065,冲突,1
3066,怔,1
3067,AJ,1
3068,亚瑟,1
3069,士,1
3070,乛,1
3071,伞,1
3072,－,1
3073,965,1
3074,嗷,5
3075,虫,1
3076,群,3
3077,永恒,1
3078,CC,1
3079,40,8
3080,发行,4
3081,行时,2
3082,1982,1
3083,主意,1
3084,厚,2
3085,wsl,1
3086,蔻,1
3087,w,1
3088,万岁,10
3089,约翰,2
3090,库萨,1
3091,库萨克,1
3092,萨克,1
3093,cc,3
3094,头风,1
3095,风格,3
3096,讲武,4
3097,yyds,11
3098,此,5
3099,妒,1
3100,英才,1
3101,承包,1
3102,屏,2
3103,康,3
3104,纳,1
3105,初始状态,1
3106,享受,2
3107,wc,1
3108,[,20
3109,Ohh,1
3110,万恶之源,1
3111,i,5
3112,魔道,1
3113,真不,8
3114,真不错,3
3115,wwwwwwwwwwwwwwwwwwwwwwwwwwwwwwwwwww,1
3116,发牌,1
3117,ok,1
3118,很重,1
3119,恶搞,1
3120,版本,6
3121,芜湖,5
3122,作,1
3123,vvv,1
3124,v,5
3125,凯尔,1
3126,里斯,1
3127,o,1
3128,K,1
3129,划船,1
3130,考古,4
3131,极致,1
3132,9786888,1
3133,biabiabia,2
3134,呀呀,5
3135,致,1
3136,逝去,4
3137,112,12
3138,64,12
3139,皇帝,18
3140,121,12
3141,164,12
3142,周杰伦,96
3143,Jay,7
3144,地心,6
3145,地心引力,6
3146,引力,7
3147,碰到,6
3148,甜蜜,5
3149,命运,3
3150,想着,7
3151,融化,5
3152,飞到,6
3153,宇宙,7
3154,坏,27
3155,爱女,84
3156,爱女人,84
3157,女人,92
3158,透明,2
3159,温柔,23
3160,我心,21
3161,53,1
3162,43,2
3163,面红,17
3164,144,1
3165,203,1
3166,开启,14
3167,"！！！"",",1
3168,1000,2
3169,SimSun,1
3170,一声,2
3171,喔,7
3172,”，,2
3173,华语,31
3174,乐坛,14
3175,359,1
3176,148,1
3177,445,1
3178,312,1
3179,即,1
3180,贫穷,6
3181,使,2
3182,相遇,7
3183,信息,1
3184,课,1
3185,一整,1
3186,整节,1
3187,传奇,3
3188,歌名,2
3189,：《,1
3190,五千,7
3191,五千万,7
3192,千万,9
3193,播放,19
3194,M345,1
3195,338L346,1
3196,338L347,1
3197,338L350,1
3198,338L356,1
3199,340L360,1
3200,342L360,1
3201,342,1
3202,"""]",2
3203,610,1
3204,437,1
3205,108,1
3206,133,1
3207,900,1
3208,千禧年,1
3209,年华,1
3210,流行乐,3
3211,行乐,3
3212,伦,65
3213,吐字,2
3214,清,1
3215,天花,2
3216,天花板,2
3217,迎来,6
3218,",""\",1
3219,"！"",",1
3220,300,1
3221,""","""",",1
3222,NSimSun,1
3223,FangSong,3
3224,为何,3
3225,主动,1
3226,把手,2
3227,勾,1
3228,1100,2
3229,wu,1
3230,"~"",""",1
3231,唔,2
3232,好怀念,3
3233,从命,1
3234,命名,1
3235,开天辟地,1
3236,WOO,3
3237,1500,1
3238,撩人,1
3239,天都,10
3240,亚洲,1
3241,乐天,2
3242,信命,2
3243,子,7
3244,"！"",""",1
3245,WU,1
3246,"~~~~"",",1
3247,M242,1
3248,103L243,1
3249,103L244,1
3250,105L248,1
3251,107L251,1
3252,110L256,1
3253,113L269,1
3254,121L279,1
3255,126L288,1
3256,132L295,1
3257,137L300,1
3258,141L305,1
3259,143L307,1
3260,145L310,1
3261,148L311,1
3262,149L312,1
3263,150L312,1
3264,151L312,1
3265,152L312,1
3266,153L313,1
3267,155L313,1
3268,155,1
3269,",""\""",19
3270,Microsoft,19
3271,YaHei,19
3272,"\"""",",19
3273,直升,3
3274,直升机,3
3275,升机,3
3276,234,1
3277,432,1
3278,33,3
3279,"~"",",1
3280,123,3
3281,小小,2
3282,小小的,1
3283,蚂蚁,1
3284,尽全力,1
3285,全力,3
3286,力保,1
3287,保护,2
3288,他俩,4
3289,努力,6
3290,被忽视,1
3291,忽视,1
3292,陪,4
3293,走过,1
3294,前世,1
3295,世情,1
3296,情人,1
3297,暗黑,1
3298,黑风,1
3299,彩蛋,1
3300,别人,2
3301,听不进,1
3302,听不进去,1
3303,惯,1
3304,咪,14
3305,咕,13
3306,免费,5
3307,免费听,2
3308,惊为天人,1
3309,天人,1
3310,开辟,1
3311,鸿蒙,1
3312,百分,1
3313,百分之,1
3314,百分之九,1
3315,百分之九十,1
3316,班级,1
3317,占多数,1
3318,期间,2
3319,打卡,3
3320,~”,1
3321,放量,8
3322,才华,3
3323,徐若瑄,13
3324,很美,2
3325,祝贺,2
3326,突破,1
3327,5000,16
3328,万,18
3329,稳定,1
3330,高兴,2
3331,脸红,3
3332,周,23
3333,棍,2
3334,双,3
3335,有所,2
3336,所感,1
3337,感触,1
3338,忍不住,2
3339,不住,5
3340,且,1
3341,可下,1
3342,下载,3
3343,姐妹,1
3344,小窗,1
3345,窗口,1
3346,受,1
3347,学姐,1
3348,十三,1
3349,十三年,1
3350,晚自习,1
3351,自习,1
3352,教室,1
3353,室里,1
3354,必备,1
3355,环节,1
3356,金字,1
3357,金字塔,1
3358,塔顶,1
3359,顶端,1
3360,端的,1
3361,大幅,2
3362,简化,1
3363,对方,1
3364,股市,1
3365,改善,1
3366,染,1
3367,双袖,1
3368,高三,2
3369,满,5
3370,冷,1
3371,知识,1
3372,随时,2
3373,此生,4
3374,35,4
3375,老大爷,2
3376,留,2
3377,半辈子,2
3378,开头,6
3379,从左往右,1
3380,往右,1
3381,右,1
3382,往,1
3383,抑制,2
3384,表白,6
3385,失败,1
3386,眼红,1
3387,开局,1
3388,拒绝,1
3389,经历,1
3390,路边,1
3391,2022,11
3392,大年夜,2
3393,年夜,2
3394,快乐,16
3395,~~~,4
3396,终究,2
3397,看见,4
3398,信仰,2
3399,公公,1
3400,偏头,1
3401,偏头痛,1
3402,头痛,1
3403,庆幸,2
3404,董,17
3405,实际,2
3406,银河,1
3407,河里,1
3408,吸气,1
3409,如潮,1
3410,潮涌,1
3411,泪流,2
3412,不止,3
3413,鬼才,1
3414,奇才,1
3415,远潮,1
3416,流音,1
3417,一键,1
3418,走起,1
3419,可怕,4
3420,收藏,4
3421,藏量,3
3422,年老,4
3423,刚出道,3
3424,出道时,1
3425,离谱,2
3426,一票,2
3427,难,4
3428,黄牛,1
3429,黄牛票,1
3430,两种,1
3431,一种,3
3432,09,4
3433,刘,3
3434,济,2
3435,lst,1
3436,第一张,3
3437,同名,1
3438,JAY,6
3439,2000,2
3440,一首一首,1
3441,首一,1
3442,续,1
3443,播,1
3444,一段时间,1
3445,段时间,1
3446,16,3
3447,写真,1
3448,老子,1
3449,21,8
3450,生日,9
3451,生日快乐,6
3452,86,1
3453,迷路,3
3454,二十二,1
3455,二十二年,1
3456,十二,2
3457,十二年,2
3458,凡人,1
3459,比肩,1
3460,神明,1
3461,王力宏,1
3462,来回,2
3463,回味,2
3464,优质,1
3465,天堂,1
3466,前卫,1
3467,二十多,1
3468,二十多年,1
3469,十多年,1
3470,腻,2
3471,半岛,1
3472,铁盒,1
3473,单曲,2
3474,150,1
3475,以免,1
3476,以免费,1
3477,窝,1
3478,沦陷,3
3479,无与伦比,18
3480,伦比,19
3481,沉沦,9
3482,结束,6
3483,好几,3
3484,好几张,1
3485,几张,1
3486,～～,2
3487,B4,2
3488,长音,2
3489,vip,2
3490,课前,1
3491,分享,1
3492,素材,1
3493,新篇,1
3494,新篇章,1
3495,篇章,1
3496,就此,1
3497,翻开,1
3498,合照,1
3499,空降,5
3500,汁,5
3501,初五,1
3502,七十,2
3503,实不相,1
3504,实不相瞒,1
3505,相瞒,1
3506,嫁给,2
3507,心理,1
3508,迈入,1
3509,第二十,1
3510,～～～～,2
3511,西安,1
3512,疫情,5
3513,重温,2
3514,得到,4
3515,旧旧,1
3516,录音机,1
3517,口红,7
3518,号,6
3519,王妃,1
3520,底线,1
3521,秀,6
3522,葛优,1
3523,前奏,9
3524,浑身,3
3525,芜,3
3526,哥哥,9
3527,行天,1
3528,预警,2
3529,Vivian,1
3530,周年,1
3531,各位,3
3532,交,1
3533,华语音乐,14
3534,语音,14
3535,妄想,1
3536,插翅,1
3537,woo,8
3538,libbilibi,1
3539,吊,13
3540,叼,1
3541,nbnb,1
3542,留念,1
3543,5000W,1
3544,合影,5
3545,华,1
3546,乐乐,1
3547,呜呜,47
3548,后悔,1
3549,没能,1
3550,早,1
3551,点出,1
3552,早点,1
3553,演唱,17
3554,演唱会,15
3555,！！！！！！！！！！！！！！！,2
3556,春天,1
3557,天开,1
3558,增加,1
3559,王朝,1
3560,任何,2
3561,何时,1
3562,观看,2
3563,天天,4
3564,豁,2
3565,你们好,6
3566,好呀,2
3567,也许,2
3568,一百年,1
3569,百年,1
3570,追随,1
3571,暗号,2
3572,1600,1
3573,2600,2
3574,只用,1
3575,苏,10
3576,文曲,1
3577,文曲星,1
3578,下凡,1
3579,壁,4
3580,三月,1
3581,三月份,1
3582,月份,1
3583,凌晨,1
3584,一百多,1
3585,百多,1
3586,后台,1
3587,深夜,1
3588,25,8
3589,欣,3
3590,雨,12
3591,~~~~,1
3592,喽,1
3593,标志,1
3594,属于,2
3595,到来,1
3596,kksk,1
3597,虽然,4
3598,吹,1
3599,！！！！？,1
3600,5000w,4
3601,冲,6
3602,持正,1
3603,正版,1
3604,永,3
3605,童,6
3606,202202,1
3607,JJJJJJ,1
3608,悟,1
3609,(๑>؂<๑）,1
3610,65,1
3611,分,4
3612,要有光,1
3613,光,16
3614,。。。。。。。。。。。。,1
3615,我爱你,14
3616,绝对,10
3617,王中王,1
3618,！！！！！！！,5
3619,七十四,1
3620,十四,1
3621,十四个,1
3622,四个,1
3623,小伙伴,3
3624,伙伴,3
3625,发,5
3626,这儿,2
3627,C5,2
3628,后天,1
3629,蒸,1
3630,眼泪,13
3631,助攻,1
3632,五五,2
3633,见证,1
3634,起点,4
3635,0221,1
3636,徐,31
3637,晃,1
3638,若,13
3639,瑄,1
3640,助力,1
3641,蓉蓉,1
3642,总有一天,1
3643,打出,1
3644,大大,4
3645,大大的,2
3646,碟,1
3647,／,1
3648,开会,1
3649,欢好,1
3650,ohhhhhhhhhh,1
3651,grege,1
3652,66,1
3653,wuhu,1
3654,畅,1
3655,wow,4
3656,G4,1
3657,54564,1
3658,656565,1
3659,乐神,1
3660,神话,2
3661,Jayyyds,1
3662,cjy,1
3663,wo,1
3664,加油,5
3665,tsj,1
3666,wuwuwuwuwuwu,1
3667,！！！！！！！！！！！！！！！！！！！！,1
3668,OHHHHHHHHHHHHHHHHHHHHHHHHHHHHHHHHHHHHHHHH,1
3669,W0,1
3670,a,2
3671,嘶,1
3672,奇,1
3673,挡到,1
3674,1111,1
3675,哦哦哦,16
3676,太多,2
3677,萱,1
3678,kk,1
3679,B,7
3680,﹏,2
3681,认真,4
3682,猪,1
3683,〜,1
3684,进来,3
3685,出不去,3
3686,便,1
3687,弹唱,1
3688,深色,1
3689,68,1
3690,公主,2
3691,白色,1
3692,风衣,1
3693,咯,3
3694,咋搞,1
3695,嘣,1
3696,口齿,1
3697,口齿不清,1
3698,和尚,1
3699,念经,1
3700,调式,1
3701,电,1
3702,鼓点,1
3703,节拍,1
3704,口水,4
3705,维塔,1
3706,塔斯,1
3707,高音,5
3708,双江,1
3709,指鹿为马,1
3710,mnjn,1
3711,m,2
3712,真不容易,1
3713,不容,2
3714,容易,3
3715,导出,1
3716,付费,1
3717,能来,1
3718,越觉,1
3719,上瘾,1
3720,怎么回事,2
3721,路人,2
3722,生生,1
3723,生生世世,1
3724,世世,1
3725,呵呵,7
3726,额,1
3727,文明,2
3728,开山,1
3729,开山鼻祖,1
3730,鼻祖,2
3731,悦,8
3732,想想,3
3733,无以,2
3734,无以为报,1
3735,报,1
3736,唯有,1
3737,统统,1
3738,黑暗,1
3739,骑士,1
3740,sweet,1
3741,纪录,1
3742,纪录片,1
3743,乐,1
3744,坛,1
3745,了不起,2
3746,合集,1
3747,嘚,1
3748,女歌迷,1
3749,完蛋,1
3750,今晚,3
3751,人为,1
3752,何如,1
3753,亲,3
3754,摸,1
3755,羞辱,1
3756,改变,2
3757,自动,8
3758,哎哟,2
3759,口,2
3760,吐,1
3761,雾,2
3762,草,3
3763,看不到,3
3764,2333,3
3765,撩,1
3766,着想,1
3767,软件,1
3768,赞,11
3769,发给,1
3770,发给你,1
3771,相聚,1
3772,現,2
3773,發,1
3774,切,1
3775,蘋,1
3776,果,1
3777,還,1
3778,以,3
3779,為,1
3780,削,1
3781,水果,1
3782,水果皮,1
3783,果皮,1
3784,拦,1
3785,忽略,1
3786,一大,1
3787,一大批,1
3788,大批,1
3789,55,1
3790,集美,3
3791,放屁,2
3792,东西,4
3793,鼻息,1
3794,然后,180
3795,处处,1
3796,写给,2
3797,！《,1
3798,姐,5
3799,睡,1
3800,》《,1
3801,过期,2
3802,草莓,1
3803,和声,12
3804,(๑•,1
3805,•๑,1
3806,真爱,1
3807,不白,1
3808,嫖,4
3809,重新,2
3810,新定,2
3811,定义,2
3812,才疏学浅,34
3813,路遇,2
3814,工,2
3815,的话,5
3816,朗朗,3
3817,熟知,1
3818,摄影,1
3819,摄影师,1
3820,婷婷,22
3821,讲故事,2
3822,跨,4
3823,聊天,4
3824,单恋,1
3825,失恋,2
3826,黄梅,25
3827,黄梅戏,16
3828,安庆,28
3829,方言,3
3830,唱腔,3
3831,之乡,1
3832,安徽,35
3833,安徽省,3
3834,安庆市,2
3835,接好,3
3836,立刻,1
3837,刻出,1
3838,哭,62
3839,嵩,212
3840,:《,1
3841,三河,29
3842,家乡,3
3843,朱,9
3844,战术,2
3845,术后,2
3846,后仰,2
3847,在线,2
3848,细节,3
3849,松鼠,1
3850,谈恋爱,1
3851,恋爱,4
3852,副歌,4
3853,中三,1
3854,闹钟,1
3855,一晃,2
3856,十几年,4
3857,许,134
3858,汪,5
3859,泷,4
3860,良,28
3861,凡尔,8
3862,凡尔赛,8
3863,瓶装,1
3864,老酒,1
3865,渡口,4
3866,口边,4
3867,一面,5
3868,洒下,5
3869,句点,6
3870,六六,2
3871,六六六,1
3872,伯,10
3873,骞,8
3874,挺,12
3875,一丝,2
3876,别离,1
3877,舍,1
3878,缺点,1
3879,感情,3
3880,核能,5
3881,耳饰,1
3882,挂,3
3883,耳机,3
3884,绳,1
3885,挑,2
3886,眉,5
3887,犯规,1
3888,涌上,1
3889,上心,1
3890,心头,2
3891,一生,2
3892,痴,1
3893,绝处,1
3894,徽州,2
3895,绝句,3
3896,蛐蛐,2
3897,牛郎,1
3898,牛郎织女,1
3899,织女,2
3900,这次,2
3901,现代,3
3902,耗子,3
3903,尾,4
3904,vae,11
3905,喂,1
3906,工大,4
3907,大校,2
3908,校友,3
3909,︿(￣︶￣)︿,1
3910,镜,1
3911,衰颜,1
3912,已不,2
3913,不复,3
3914,一曲,1
3915,忽,1
3916,返,2
3917,年时,1
3918,三河镇,2
3919,三合,3
3920,合音,3
3921,民族,1
3922,唱红,1
3923,in,2
3924,这段话,1
3925,辨识,2
3926,度,2
3927,戏,5
3928,腔,3
3929,转调,1
3930,调升,1
3931,升高,1
3932,高会,1
3933,一举,1
3934,一举一动,1
3935,一动,1
3936,一颦一笑,1
3937,体态,1
3938,跨越,1
3939,十一年,1
3940,合唱,9
3941,liao,1
3942,l,1
3943,压,16
3944,ao,1
3945,体现,1
3946,古今,1
3947,分割,1
3948,现代感,1
3949,谣,5
3950,灰,2
3951,坠,2
3952,文言,3
3953,文言文,3
3954,对话,3
3955,耳边,1
3956,总,4
3957,萦绕,3
3958,共同,3
3959,共同爱好,2
3960,爱好,3
3961,阻挠,1
3962,冷淡,1
3963,❤️,9
3964,纯粹,9
3965,如初,10
3966,初见,10
3967,何须,12
3968,感伤,11
3969,伤离别,11
3970,离别,11
3971,～）,3
3972,流转,8
3973,心间,7
3974,瓢泼,5
3975,泛起,6
3976,美目,4
3977,如,5
3978,变调,4
3979,音轨,3
3980,请戴,1
3981,秋波,1
3982,波荡,1
3983,荡漾,1
3984,心痒,1
3985,痒痒,1
3986,佳人,1
3987,佳人才子,1
3988,才子,4
3989,成双,1
3990,传统,5
3991,相,2
3992,眉目,6
3993,弹琴,3
3994,小哥,7
3995,大门,1
3996,文化,3
3997,复兴,9
3998,眼里,6
3999,有戏,1
4000,多届,1
4001,顾盼,3
4002,顾盼生姿,1
4003,生姿,1
4004,顾盼神飞,1
4005,顾盼生辉,1
4006,生辉,1
4007,下键,2
4008,键盘,4
4009,全程,2
4010,跟唱,3
4011,各,7
4012,聊,3
4013,xswl,1
4014,默,1
4015,所有人,1
4016,热热,1
4017,热热闹闹,1
4018,热闹,1
4019,闹,1
4020,剪辑,5
4021,追忆,1
4022,剩,1
4023,勇敢,1
4024,古镇,20
4025,美的,2
4026,今年,1
4027,十六,1
4028,十六岁,1
4029,经过,1
4030,七年,1
4031,举手,2
4032,举手投足,1
4033,投足,1
4034,间,1
4035,满满的,5
4036,眉目传情,2
4037,传情,2
4038,注入,5
4039,灵魂,8
4040,女子,1
4041,有如,1
4042,难怪,2
4043,君王,1
4044,弃,1
4045,江山,1
4046,合肥,14
4047,两千,1
4048,两千多,1
4049,两千多年,1
4050,千多,2
4051,千多年,2
4052,年历,2
4053,庐州,4
4054,一千,2
4055,一千多,1
4056,一千多年,1
4057,杨振宁,2
4058,教授,1
4059,故乡,3
4060,点到为止,3
4061,为止,3
4062,深情,1
4063,部分,3
4064,圆满,1
4065,不曾,1
4066,遗忘,1
4067,符号,2
4068,音符,2
4069,录音棚,3
4070,型,6
4071,完全,7
4072,风头,1
4073,说话,3
4074,水准,1
4075,治理,1
4076,理得,1
4077,十来,3
4078,来年,3
4079,身边,2
4080,这回,1
4081,回眸,1
4082,回眸一笑,1
4083,严凤英,1
4084,故居,2
4085,热,2
4086,选修,1
4087,选修课,1
4088,修课,1
4089,一共,1
4090,六个,2
4091,剧种,1
4092,不可,113
4093,能面,1
4094,面面,1
4095,面面俱到,1
4096,柔柔,1
4097,风,3
4098,娇娇,1
4099,魑魅,1
4100,魍,1
4101,蛋,1
4102,醒,2
4103,诶,5
4104,韦小,5
4105,韦小宝,5
4106,小宝,7
4107,发长,1
4108,怀宁,3
4109,发扬,1
4110,三重,4
4111,三重唱,4
4112,重唱,4
4113,带好,1
4114,您,3
4115,唱法,4
4116,faker,2
4117,三个,1
4118,分手,5
4119,好多遍,1
4120,多遍,1
4121,赶超,1
4122,新华,4
4123,新华社,3
4124,没变,6
4125,官方版,1
4126,终于,8
4127,九江,1
4128,九江市,1
4129,湖口,1
4130,湖口县,1
4131,师表,1
4132,工作,4
4133,故里,1
4134,成风,1
4135,风里,1
4136,安庆人,6
4137,长大,2
4138,，，,5
4139,八戒,1
4140,常,2
4141,人间,1
4142,戏曲,7
4143,近,2
4144,震耳,1
4145,耳鸣,1
4146,提笔,1
4147,诗,1
4148,冬日,1
4149,夜晚,1
4150,裹,1
4151,藏,1
4152,全身,2
4153,初一,6
4154,大四,2
4155,太太,2
4156,眼见,1
4157,速度,2
4158,增长,1
4159,听听,3
4160,小桥,1
4161,小桥流水,1
4162,流水,1
4163,龚,1
4164,琳娜,1
4165,三米,1
4166,媚眼,1
4167,如丝,1
4168,研究,2
4169,研究所,1
4170,清脆,1
4171,漂泊,3
4172,头号,1
4173,宣誓,1
4174,主权,1
4175,追上,1
4176,物是人非,1
4177,淮北,1
4178,煤,1
4179,师院,1
4180,河北,1
4181,邢台,1
4182,清水,1
4183,清水河,1
4184,水河,1
4185,请留,1
4186,请留步,1
4187,留步,1
4188,代入,1
4189,撒下,1
4190,毒药,2
4191,深,3
4192,四舍五入,1
4193,惊艳,5
4194,辽,11
4195,独特,3
4196,读书,1
4197,………,1
4198,回家,1
4199,好几年,1
4200,没回,1
4201,好开心,2
4202,升,6
4203,5A,2
4204,五六,1
4205,五六年,1
4206,不愧,2
4207,山高,8
4208,老版,1
4209,伴奏,2
4210,壳,1
4211,血书,1
4212,书上,2
4213,仙女,2
4214,起源,3
4215,起源于,3
4216,源于,3
4217,焕发,1
4218,发青,1
4219,科学,3
4220,科学技术,1
4221,附属,1
4222,医院,3
4223,(,4
4224,安徽省立医院,1
4225,省立,2
4226,省立医院,2
4227,),5
4228,敏,1
4229,坐标,1
4230,伍,2
4231,好久,12
4232,网易,2
4233,提升,1
4234,眼,2
4235,愣,2
4236,泪光,2
4237,正统,1
4238,制作,1
4239,作人,1
4240,一如,1
4241,一如既往,1
4242,既往,1
4243,花,8
4244,不变,4
4245,摇头,2
4246,摇头晃脑,1
4247,Door,1
4248,dark,1
4249,魏,1
4250,伏,1
4251,黛,1
4252,cp,5
4253,正片,2
4254,嗷嗷,5
4255,不适,1
4256,朗,1
4257,离家,1
4258,家园,2
4259,那段,2
4260,篮球,1
4261,不服,1
4262,TT,2
4263,建筑,4
4264,学长,2
4265,反正,1
4266,不该,1
4267,中科,1
4268,中科院,1
4269,痛,7
4270,仰,6
4271,嵊州,1
4272,越剧,1
4273,暂停,1
4274,GAI,2
4275,古典,2
4276,没当,1
4277,味儿,2
4278,归来,1
4279,用得,1
4280,黑粉,1
4281,娱乐,1
4282,娱乐圈,1
4283,包河,2
4284,公园,8
4285,衬衫,1
4286,最强,1
4287,555555,2
4288,同桌,1
4289,从此,2
4290,爱上你,1
4291,Gaigai,1
4292,更多,2
4293,国音,1
4294,师大,2
4295,退出,1
4296,何用,3
4297,湖北,1
4298,辉煌,3
4299,变样,1
4300,挑挑,1
4301,剧本,1
4302,心脏,1
4303,砰砰,2
4304,功底,1
4305,六安,4
4306,头皮,6
4307,头皮发麻,6
4308,发麻,7
4309,我校,1
4310,校园,1
4311,毒打,1
4312,公,1
4313,接起,1
4314,不请自来,1
4315,自来,1
4316,鹿鼎记,1
4317,词调,1
4318,完善,1
4319,不足,1
4320,hao,1
4321,预订,1
4322,全集,1
4323,时光,5
4324,徽派,2
4325,绝美,2
4326,谦,2
4327,伟,3
4328,反复,1
4329,师范,2
4330,古筝,1
4331,(＞＜),1
4332,医,4
4333,医魂,1
4334,七号,1
4335,录歌,1
4336,外景,1
4337,既是,1
4338,当下,1
4339,BGM,2
4340,没唱,2
4341,错词,2
4342,有方,1
4343,比如,1
4344,如何,9
4345,huo,1
4346,须,1
4347,包公,5
4348,清风,3
4349,清风阁,3
4350,蜀山,1
4351,蜀山区,1
4352,山区,1
4353,，，，,4
4354,上好,1
4355,30,2
4356,爷爷,1
4357,超过,1
4358,谢,2
4359,韬,1
4360,保国,1
4361,国字,1
4362,广,1
4363,巢湖,4
4364,变化,1
4365,乡音,1
4366,才刚,1
4367,羡慕,3
4368,听见,1
4369,玫瑰,1
4370,玫瑰花,1
4371,葬礼,1
4372,好熟,2
4373,高铁,1
4374,一路,2
4375,很熟,1
4376,欢歌,1
4377,歌单,1
4378,先生,1
4379,七仙,1
4380,七仙女,1
4381,野鸭,1
4382,鸳鸯,1
4383,逍遥,2
4384,逍遥津,2
4385,村,1
4386,如许,1
4387,不收,2
4388,值得,3
4389,粉丝,3
4390,反而,2
4391,天宫,1
4392,唱段,1
4393,泛,1
4394,清波,1
4395,这辈子,1
4396,哒,3
4397,平安,1
4398,平安夜,1
4399,没洗,1
4400,洗头,1
4401,有失,1
4402,失去,1
4403,！！！！！！！！！,2
4404,意犹未尽,1
4405,未尽,1
4406,旭,2
4407,宝宝,1
4408,照片,1
4409,东山,1
4410,少爷,1
4411,粤剧,1
4412,名医,1
4413,ohhhhhhhhhhhhhhhhhhhhhhhhhhhhhhhhhhhhhh,1
4414,风景,1
4415,右边,2
4416,跳回来,1
4417,一出,1
4418,出声,1
4419,盛,1
4420,甜甜,11
4421,180cm,1
4422,马兰,1
4423,韩再芬,1
4424,倍速,17
4425,新世界,9
4426,没大,2
4427,大意,1
4428,预定,1
4429,天作之合,1
4430,respect,1
4431,顺,1
4432,启新,2
4433,心跳,2
4434,加速,2
4435,脆,3
4436,直起,1
4437,桐城,5
4438,桐城人,2
4439,发音,1
4440,上下,1
4441,老许,1
4442,回头,1
4443,回头见,1
4444,45,1
4445,故,1
4446,可可,2
4447,佳能,2
4448,合作,3
4449,？？！！！,1
4450,好久没,3
4451,啥时候,2
4452,连了,1
4453,过气,2
4454,查,1
4455,一件,2
4456,白净,1
4457,该补,1
4458,称号,1
4459,之中,2
4460,妩媚,2
4461,凤阳,1
4462,"",1
4463,杭州,1
4464,生活,1
4465,滁州,2
4466,VAE,2
4467,学院,1
4468,学院路,1
4469,Vae,4
4470,叭,2
4471,直呼,1
4472,倍,19
4473,DJ,1
4474,宿松,2
4475,酥,1
4476,鄂,1
4477,皖,3
4478,赣,1
4479,交界,1
4480,交界处,1
4481,明确,1
4482,地理,1
4483,地理界线,1
4484,界线,1
4485,发展,1
4486,发展壮大,1
4487,壮大,1
4488,饼,1
4489,唯,1
4490,省,1
4491,金色,1
4492,年少,1
4493,嘤,3
4494,回青,2
4495,偶,2
4496,流汗,1
4497,实属,1
4498,绝妙,2
4499,进,7
4500,星辰,1
4501,大海,2
4502,老家,2
4503,脑瓜,1
4504,脑瓜子,1
4505,瓜子,1
4506,嗡嗡,1
4507,梦回,13
4508,2004,7
4509,122,1
4510,BUFF,1
4511,三段,1
4512,指,1
4513,部,1
4514,上头,3
4515,头上,1
4516,咬字,1
4517,发声,1
4518,晕,1
4519,断桥,1
4520,残雪,1
4521,⊙∀⊙！,2
4522,安徽医科大学,4
4523,医科,4
4524,医科大,4
4525,医科大学,4
4526,科大,4
4527,鼠,2
4528,明日,1
4529,亚军,1
4530,像是,4
4531,十岁时,1
4532,太湖,1
4533,新天地,1
4534,天地,1
4535,老乡,6
4536,已是,1
4537,中人,1
4538,天籁,1
4539,目鱼,1
4540,骄傲,3
4541,师范大学,1
4542,学前,1
4543,థ౪థ,1
4544,FAKER,1
4545,评弹,1
4546,饿,2
4547,西南,1
4548,民,2
4549,20201124,2
4550,枞阳,1
4551,2009,1
4552,乱,1
4553,？？？？？？？？？,1
4554,量,2
4555,8000,1
4556,nice,3
4557,过招,1
4558,国家,9
4559,国家队,1
4560,妙,1
4561,农大,1
4562,初心,2
4563,心不变,2
4564,AVI,1
4565,传送,1
4566,呆,183
4567,哭泣,4
4568,bgm,1
4569,水,2
4570,应景,1
4571,县,1
4572,桥上,1
4573,降成,1
4574,蜗壳,1
4575,介,1
4576,日,2
4577,U,1
4578,言,1
4579,午,1
4580,vvvv,1
4581,结,2
4582,奶,5
4583,哭哭,2
4584,盼,2
4585,棒棒,1
4586,研,3
4587,真是太,1
4588,潜山,5
4589,山人,1
4590,石台,1
4591,欢喜,1
4592,身体,1
4593,不一,2
4594,酒,4
4595,v5,1
4596,仙气,1
4597,飘飘,3
4598,联动,1
4599,5555,1
4600,中时,4
4601,！！！！！！,1
4602,宿州,2
4603,Uae,3
4604,潮汐,1
4605,海,1
4606,灵,1
4607,一中,1
4608,中报,1
4609,绿头鸭,1
4610,公路,1
4611,晕过去,1
4612,07,4
4613,SUV,1
4614,song,1
4615,bak,1
4616,yejqinhui,1
4617,女声,6
4618,OMG,1
4619,好久不见,1
4620,不见,6
4621,觉着,1
4622,配乐,1
4623,不太好,1
4624,紧张,1
4625,财,1
4626,武大,1
4627,大安,1
4628,川剧,1
4629,阿哈,1
4630,wocaowocao,1
4631,美目盼兮,1
4632,该,4
4633,剪头发,1
4634,上官,1
4635,瑞,1
4636,嘛,4
4637,wae,1
4638,婷,2
4639,清澈,1
4640,老板,2
4641,般配,2
4642,允许,1
4643,吾,2
4644,浮,1
4645,庄,1
4646,轻,1
4647,科,2
4648,贺,1
4649,冬雪,1
4650,欢,1
4651,月光,4
4652,怎么办,2
4653,!!!!!!!!!!!!!!!!!!!!!!!!!!,1
4654,Awslffqs,1
4655,二倍,9
4656,十佳,1
4657,火钳,1
4658,豫剧,1
4659,牌,2
4660,更好,7
4661,金寨,1
4662,34,1
4663,崇,1
4664,优秀,2
4665,北京,3
4666,京报,1
4667,指挥,18
4668,指挥部,3
4669,Vcd,1
4670,lmy,1
4671,凑,1
4672,UAE,1
4673,咱,1
4674,穿越时空,1
4675,时空,1
4676,阜阳,1
4677,OAE,1
4678,裂开,1
4679,lll,1
4680,3666663,1
4681,yoyo,1
4682,Bar,1
4683,ehhhhhh,1
4684,ace,1
4685,净赚,1
4686,恒,1
4687,？？？？？,1
4688,板面,1
4689,发着,182
4690,忘记,155
4691,鬼,30
4692,姬,25
4693,糖,1
4694,磕,5
4695,佳音,2
4696,带来,7
4697,时刻,3
4698,祝,2
4699,幸福,1
4700,幸福快乐,1
4701,健康,1
4702,仙乐,2
4703,暂,1
4704,后发,1
4705,19,2
4706,胖,6
4707,过生日,1
4708,成熟,3
4709,温暖,1
4710,酸酸,1
4711,酸酸甜甜,1
4712,酸甜,1
4713,下次,3
4714,微微,24
4715,微笑,29
4716,来宾,4
4717,蔡依林,7
4718,其他人,1
4719,他人,2
4720,不屑,1
4721,轨迹,8
4722,多哈,1
4723,减,1
4724,减肥,1
4725,味,4
4726,！！！？,1
4727,不再,6
4728,想念,7
4729,鸡,6
4730,大起大落,1
4731,情绪,1
4732,key,5
4733,安静,9
4734,诡计,2
4735,视屏,1
4736,hou,1
4737,不对,7
4738,发光,4
4739,嗓子,9
4740,好了吗,1
4741,暴风,2
4742,无以伦比,1
4743,Cu,1
4744,Mn,1
4745,流眼泪,1
4746,苦痛,3
4747,身影,1
4748,找寻,1
4749,离去,2
4750,痕迹,1
4751,谢谢你们,2
4752,虎,1
4753,说起,1
4754,接下,3
4755,接下来,3
4756,这点,1
4757,点击,1
4758,侯佩岑,2
4759,骑,2
4760,绝尘,1
4761,接着,11
4762,着紧,11
4763,紧紧,11
4764,紧闭,11
4765,闭上眼,11
4766,上眼,11
4767,解释,1
4768,解释一下,1
4769,下为,1
4770,四首,1
4771,四首歌,1
4772,校长,1
4773,下去,3
4774,分开,3
4775,迁就,1
4776,还要,4
4777,带过,2
4778,难过,3
4779,舍不得,2
4780,表现,1
4781,些些,1
4782,体贴,1
4783,没给,1
4784,心碎,1
4785,受罪,1
4786,一页,1
4787,页页,1
4788,不忍,1
4789,翻阅,1
4790,好累,1
4791,粉色,2
4792,模糊,5
4793,视线,5
4794,哪一天,2
4795,人代,2
4796,代替,2
4797,结尾,2
4798,绚丽,1
4799,毛病,1
4800,施,1
4801,坦,1
4802,123123,1
4803,记,1
4804,辛苦,1
4805,门把手,1
4806,回想,3
4807,伴,1
4808,肥肥,1
4809,看不见,3
4810,对了,3
4811,改编,2
4812,走到,2
4813,那边,2
4814,林俊杰,1
4815,俊杰,1
4816,清丰,1
4817,老娘,2
4818,一下子,1
4819,下子,1
4820,白月光,1
4821,TAT,1
4822,粉红,1
4823,粉红色,1
4824,限定,1
4825,烦死,1
4826,下滑,1
4827,闪闪,1
4828,闪闪发光,1
4829,汇,1
4830,嗑,1
4831,ex,1
4832,大半,1
4833,大半夜,1
4834,一句,4
4835,每,2
4836,首都,1
4837,焯,1
4838,几十,2
4839,几十年,1
4840,指尖,1
4841,跃动,1
4842,蛮,2
4843,保存,1
4844,一去不返,1
4845,整场,1
4846,盛会,1
4847,拖,2
4848,静地,1
4849,破防,1
4850,论,1
4851,王楠,1
4852,不许,1
4853,emo,1
4854,拜拜,1
4855,无时,1
4856,无时无刻,1
4857,婚戒,3
4858,侯,3
4859,剩下,2
4860,钢琴,5
4861,haf,1
4862,39,1
4863,音变,1
4864,亨,1
4865,远远,2
4866,远离,2
4867,离开,6
4868,慢慢,1
4869,慢走,1
4870,走开,2
4871,多难,5
4872,难堪,5
4873,live,1
4874,CD版,1
4875,更加,2
4876,加有,1
4877,提词,3
4878,器,3
4879,一刻,3
4880,份,2
4881,沉稳,1
4882,新生,1
4883,生命,1
4884,生命力,1
4885,咏,1
4886,流传,1
4887,比为,1
4888,根据,1
4889,路向,1
4890,北,2
4891,上有,1
4892,小雪,1
4893,28,1
4894,怀恋,1
4895,台上,1
4896,荣,1
4897,浩,1
4898,唱起,1
4899,点滴,1
4900,滴泪,1
4901,敬仰,1
4902,难能可贵,1
4903,可贵,1
4904,现场版,2
4905,难得,1
4906,难得一见,1
4907,送,1
4908,鼓手,3
4909,另,2
4910,一倍,1
4911,意气,3
4912,意气风发,3
4913,痞里痞气,1
4914,忘词,1
4915,时隔,1
4916,时隔多年,1
4917,街上,1
4918,拥挤,1
4919,无所,1
4920,无所谓,1
4921,绝配,1
4922,大吼大叫,1
4923,大叫,1
4924,超时,1
4925,恢复,1
4926,读,2
4927,场,2
4928,四小,1
4929,开场,1
4930,八分,1
4931,八分钟,1
4932,分钟,1
4933,恨,1
4934,电脑,1
4935,不够,2
4936,望,2
4937,挽回,1
4938,意,1
4939,平,1
4940,每首歌,1
4941,氛围,1
4942,卖力,1
4943,烤,1
4944,面筋,1
4945,流泪,3
4946,常客,1
4947,辣椒,1
4948,辣椒粉,1
4949,飞眼,1
4950,台词,1
4951,hhh,1
4952,看视,1
4953,写下,1
4954,关于,1
4955,超人,1
4956,光亮,1
4957,亮起,1
4958,那一刻,1
4959,何在,2
4960,牵手,2
4961,终点,1
4962,摘,2
4963,重复,2
4964,两周,1
4965,催眠,1
4966,作用,1
4967,好心,1
4968,心酸,1
4969,哪次,1
4970,人数,1
4971,低于,1
4972,50,1
4973,年末,1
4974,美妙,1
4975,耳朵,1
4976,洗礼,2
4977,纯真,1
4978,转场,1
4979,却微,1
4980,黑色,1
4981,显,1
4982,瘦,1
4983,哈伦,1
4984,玻璃,1
4985,晒干,1
4986,沉默,1
4987,悔,1
4988,冲动,1
4989,目前,2
4990,下自,1
4991,数据,1
4992,有效,1
4993,营业,1
4994,上岸,1
4995,目标,1
4996,川,3
4997,太不容易,1
4998,悬崖,1
4999,宝贝,2
5000,早日,2
5001,日出,1
5002,来说,1
5003,情结,1
5004,定要,1
5005,儿子,2
5006,绷,1
5007,一身,4
5008,说唱,1
5009,原班,1
5010,原班人马,1
5011,人马,1
5012,人类,19
5013,高质,1
5014,高质量,1
5015,质量,2
5016,死去,1
5017,死去活来,1
5018,活来,1
5019,蹲坑,1
5020,特写,1
5021,导播,1
5022,圣地,20
5023,圣地亚哥,18
5024,地亚,19
5025,亚哥,20
5026,早已,2
5027,方位,2
5028,中间,2
5029,间隔,2
5030,街景,2
5031,后退,2
5032,崩溃,1
5033,窗外,2
5034,零碎,1
5035,乖巧,1
5036,桃花,5
5037,花石,1
5038,石头,1
5039,桃花源,1
5040,桃花源记,1
5041,刑法,1
5042,治,1
5043,快点,2
5044,借,1
5045,司徒,31
5046,变成,2
5047,冷空气,1
5048,气炸,1
5049,炸锅,1
5050,成大,1
5051,大西,1
5052,不丹,1
5053,第三,1
5054,第三颗,1
5055,三颗,1
5056,小虎牙,1
5057,虎牙,1
5058,导致,1
5059,不锈,1
5060,不锈钢,1
5061,一块,1
5062,块冰,1
5063,冰凉,1
5064,钦,1
5065,利,1
5066,铁,1
5067,三角,3
5068,三角恋,2
5069,贴心,1
5070,棉袄,1
5071,天蝎,1
5072,男朋友,1
5073,大力,6
5074,能解,2
5075,解决,2
5076,诸葛,21
5077,原谅,1
5078,君不见,1
5079,黄河,1
5080,天上,1
5081,考虑,1
5082,脱光,1
5083,脱光光,1
5084,光光,1
5085,台,6
5086,右转,1
5087,惊喜,1
5088,二仙,38
5089,桥,38
5090,等到,1
5091,天色,1
5092,莫名其妙,1
5093,忠诚,1
5094,必胜,2
5095,甚至,1
5096,喝杯,1
5097,奶茶,2
5098,kei,19
5099,宿舍,1
5100,舍里,1
5101,往事,1
5102,2016,2
5103,经验,1
5104,岂,1
5105,哉,1
5106,串场,1
5107,姻缘,12
5108,劫,13
5109,姻,1
5110,缘,1
5111,橙,4
5112,游戏,4
5113,咬,1
5114,唇,1
5115,鼓腮,2
5116,萌,2
5117,塞,1
5118,羞耻,1
5119,卡恩,1
5120,越来越近,6
5121,几遍,2
5122,华大,13
5123,大道,13
5124,悲剧,1
5125,男声,6
5126,唱的歌,1
5127,听懂,1
5128,T,2
5129,综艺,1
5130,五十里,1
5131,十里,1
5132,桃花坞,1
5133,花坞,1
5134,炒菜,1
5135,火锅,1
5136,火锅店,1
5137,上网,2
5138,铁嘴,1
5139,花眼,1
5140,响,1
5141,收看,2
5142,谈,2
5143,交通,2
5144,冷静,7
5145,一上,1
5146,问东问西,1
5147,东问西,1
5148,三国,1
5149,三国演义,1
5150,演义,1
5151,映像,1
5152,非洲,1
5153,发达,1
5154,须要,2
5155,掺,1
5156,金,4
5157,坷垃,1
5158,旅行,1
5159,佛,1
5160,王司徒,5
5161,解毒,2
5162,香菱,7
5163,k,2
5164,道友,1
5165,看来,3
5166,英语老师,2
5167,缓缓,1
5168,谁家,1
5169,城堡,2
5170,客官,28
5171,给钱,2
5172,大侠,3
5173,中考,1
5174,观光,1
5175,核弹,1
5176,小女,1
5177,小女孩,1
5178,高考,1
5179,后军,1
5180,检,1
5181,好久好久,3
5182,悲伤,3
5183,借据,1
5184,倒,3
5185,预示,1
5186,结局,5
5187,周围,1
5188,怀疑,1
5189,人生,1
5190,文艺复兴,8
5191,对敌,5
5192,jio,1
5193,口下留情,1
5194,留情,1
5195,侣,1
5196,加加,1
5197,加特,1
5198,特技,1
5199,满意,1
5200,一不小心,1
5201,不小,2
5202,寻到,1
5203,秋,1
5204,名山,1
5205,大王,2
5206,巡山,1
5207,光头,3
5208,吴,3
5209,石家,4
5210,石家庄,4
5211,家庄,4
5212,否则,2
5213,兵戎,2
5214,兵戎相见,2
5215,相见,2
5216,开离,1
5217,有毒,4
5218,：？？？,2
5219,钢琴曲,1
5220,琴曲,1
5221,色,2
5222,识,1
5223,国籍,1
5224,芭比,5
5225,哇塞,2
5226,？！！！！！,1
5227,再说,2
5228,原声,2
5229,进行,1
5230,翻唱,4
5231,圣哥,1
5232,凌姐姐,1
5233,调皮,1
5234,小脚,1
5235,那首歌,1
5236,送给,1
5237,韩国,24
5238,电视剧,1
5239,通信,1
5240,通信安全,1
5241,安全,1
5242,塔拉,1
5243,依,1
5244,丽,1
5245,字母,1
5246,欢乐,3
5247,项羽,2
5248,区,4
5249,对不上,10
5250,魔鬼,6
5251,留电话,1
5252,电话,3
5253,电话号码,1
5254,号码,1
5255,妮儿,1
5256,作品,3
5257,韩剧,4
5258,景观,2
5259,定有,2
5260,出入,1
5261,包厢,1
5262,拜登,3
5263,警,1
5264,纯,3
5265,有何不可,2
5266,何不,2
5267,生日会,1
5268,桑,1
5269,套,2
5270,差点,3
5271,原曲,4
5272,曼,1
5273,•,1
5274,罗兰,1
5275,一袋,2
5276,两袋,1
5277,撒,2
5278,很多年,1
5279,泰国,2
5280,嘟嘟,5
5281,D版,1
5282,倍数,1
5283,翻倍,1
5284,语,1
5285,乃,1
5286,山鼠,1
5287,庆,1
5288,妮可,17
5289,妮,7
5290,浪,2
5291,通,1
5292,iPhone6,1
5293,武汉,1
5294,危机,1
5295,机时,1
5296,考察,1
5297,懵,1
5298,尽然,1
5299,将,1
5300,经打,1
5301,打不开,1
5302,好多年,1
5303,真受不了,1
5304,受不了,1
5305,证明,1
5306,明来,1
5307,撞,1
5308,衫,2
5309,兑现,1
5310,唱片,1
5311,公司,1
5312,肿,3
5313,忍心,3
5314,女主唱,1
5315,主唱,4
5316,AWSL,1
5317,发型,1
5318,拒,1
5319,去留,1
5320,蜡笔,3
5321,蜡笔小新,3
5322,女团,4
5323,lovelyz,5
5324,Kei,2
5325,2011,1
5326,高中时代,1
5327,要说,1
5328,速简,1
5329,直飞,1
5330,飞起,1
5331,换气,1
5332,==,1
5333,官客,4
5334,或者,1
5335,越南,2
5336,10086,1
5337,UP,1
5338,剪,4
5339,网络,4
5340,几里,1
5341,叔,3
5342,一堆,3
5343,缝合,1
5344,听不清,4
5345,清歌,2
5346,听明,1
5347,毫无,1
5348,违,1
5349,项,2
5350,炸裂,2
5351,好玩,1
5352,欢呼,1
5353,欢呼声,1
5354,呼声,1
5355,喵,8
5356,帕斯,1
5357,留下,2
5358,链接,1
5359,安利,2
5360,音画,2
5361,举,1
5362,爪,2
5363,剧名,1
5364,停下,1
5365,下脚,1
5366,军训,1
5367,尊称,1
5368,职业,1
5369,以来,4
5370,悄,3
5371,补充,1
5372,欢天喜地,1
5373,钢琴伴奏,1
5374,考古学,1
5375,考古学家,1
5376,古学,1
5377,学家,1
5378,巨头,1
5379,凌,8
5380,韩语,1
5381,扛,1
5382,几楼,1
5383,ｋ,1
5384,ei,1
5385,表面,1
5386,开玩笑,1
5387,玩笑,1
5388,难受,2
5389,飞行,1
5390,源泉,2
5391,丞相,2
5392,何,3
5393,作为,2
5394,封印,1
5395,松动,1
5396,ktv,2
5397,单色,2
5398,兮,4
5399,极度,1
5400,没关系,1
5401,还行,2
5402,从来,4
5403,从来没,1
5404,上帝,11
5405,比不上,2
5406,8070,1
5407,粤语,1
5408,境界,2
5409,最美,1
5410,梗,1
5411,替换,1
5412,听起,1
5413,已成,1
5414,前任,1
5415,云南,1
5416,南山,1
5417,山歌,1
5418,新大,1
5419,新大陆,1
5420,面店,1
5421,拱火,1
5422,赤,1
5423,小兔,1
5424,梨子,3
5425,所,4
5426,炫,3
5427,青岛,3
5428,75,1
5429,初中生,1
5430,中生,1
5431,美好时光,1
5432,好时光,1
5433,摊牌,1
5434,waitress,1
5435,不对劲,2
5436,对劲,2
5437,1V4,1
5438,有趣,2
5439,啊哈,1
5440,曲子,1
5441,莹莹,1
5442,别伤,1
5443,伤心,1
5444,没搬,1
5445,搬到,1
5446,生气,1
5447,程,1
5448,潇,1
5449,地压,1
5450,韩文,1
5451,小生,1
5452,甜甜的,1
5453,隔壁,1
5454,2010,1
5455,缓解,1
5456,经济,1
5457,糟,1
5458,有心,1
5459,制版,1
5460,love,1
5461,stoy,1
5462,轻飘,1
5463,轻飘飘,1
5464,尉迟,1
5465,哥俩,1
5466,有成,1
5467,干嘛,1
5468,壆,2
5469,名叫,1
5470,雅马哈,1
5471,马哈,1
5472,Ohhhh,1
5473,音乐台,1
5474,妹子,9
5475,3000,1
5476,块,1
5477,圣经,1
5478,爽,1
5479,NicoNiconi,1
5480,两倍,3
5481,肉麻,1
5482,学回,3
5483,欢快,1
5484,凯,1
5485,宋,1
5486,亚,2
5487,轩,1
5488,＋,1
5489,惊讶,1
5490,dzq,1
5491,＃,1
5492,官,1
5493,质感,1
5494,粗,1
5495,卡哇伊,1
5496,放假,4
5497,合适,2
5498,国一,3
5499,？！？,1
5500,狐狸,1
5501,狐狸精,1
5502,朴,2
5503,英,2
5504,制,1
5505,噶,1
5506,[],1
5507,巨人,1
5508,废墟,1
5509,各玩,1
5510,26,2
5511,知足,1
5512,qq,2
5513,宛,1
5514,柯达,1
5515,66666666,2
5516,建议,3
5517,五年级,1
5518,客观,4
5519,守望,1
5520,先锋,1
5521,魔幻,1
5522,下回,1
5523,得得,9
5524,非主流,8
5525,主流,8
5526,噗,1
5527,就要,2
5528,Mon,1
5529,格格,1
5530,阿里,2
5531,戈多,1
5532,thanks,1
5533,蝙蝠,1
5534,沈,1
5535,辰,1
5536,中经,1
5537,三侠五义,1
5538,可口,1
5539,可口可乐,1
5540,可乐,1
5541,杯子,1
5542,冬雨,1
5543,ohhhhhhhhhhhh,1
5544,腰马合一,1
5545,合一,1
5546,、】,1
5547,伤感,1
5548,金轮,1
5549,克复,1
5550,中原,1
5551,祁,1
5552,兵,1
5553,略略,2
5554,av,1
5555,中华,1
5556,(┯,1
5557,_,2
5558,┯),1
5559,白花,1
5560,长相,1
5561,完胜,1
5562,女星,1
5563,蹄子,1
5564,黄,8
5565,记忆里,1
5566,弱,2
5567,虚虚,1
5568,淑,2
5569,怡,2
5570,胸,1
5571,举报,1
5572,玩意,1
5573,换,1
5574,贾,1
5575,玲,1
5576,第几,1
5577,女朋友,2
5578,肾虚,4
5579,几杯,1
5580,绿茶,2
5581,一杯,1
5582,找茬,1
5583,一顿,1
5584,补胎,1
5585,烧,1
5586,绿,1
5587,激动,1
5588,男孩,3
5589,男孩子,2
5590,招摇,1
5591,张嘴,1
5592,辟谣,1
5593,跑断腿,1
5594,断腿,1
5595,zyw,1
5596,中性,1
5597,中性词,1
5598,滤镜,1
5599,踩,1
5600,点点,1
5601,点点头,1
5602,草堂,1
5603,睡足,1
5604,迟迟,1
5605,渣,1
5606,垃圾,2
5607,阿妹,6
5608,喝喝,1
5609,细,1
5610,品,1
5611,涂,1
5612,一模一样,1
5613,精,2
5614,骆,1
5615,集大成,1
5616,集大成者,1
5617,大成,1
5618,大成者,1
5619,阴曹,1
5620,阴曹地府,1
5621,地府,1
5622,波多,1
5623,倒闭,2
5624,爱玩,1
5625,打好,1
5626,多次,1
5627,看清,1
5628,视频女,1
5629,后会无期,1
5630,无期,1
5631,Mnet,1
5632,鲲,2
5633,大碗,1
5634,碗面,1
5635,千倍,1
5636,一二,1
5637,一二年,1
5638,二年级,1
5639,开网,1
5640,网页,1
5641,？？？？,3
5642,打开方式,1
5643,开方,1
5644,特色,2
5645,。，,1
5646,思想,2
5647,嘲讽,1
5648,接客,2
5649,官人,1
5650,来得,1
5651,满分,1
5652,难听,3
5653,恐怕,1
5654,本事,1
5655,还怕,1
5656,鱼龙,1
5657,鱼龙混杂,1
5658,混杂,1
5659,一半,1
5660,封面,3
5661,大三,1
5662,郎,1
5663,诱惑,1
5664,lyp,1
5665,七七,1
5666,一站,1
5667,坏女孩,1
5668,定能,2
5669,鸭,2
5670,默默,1
5671,铁三角,1
5672,以示,1
5673,尊敬,1
5674,铁拳,2
5675,妆,1
5676,浓,1
5677,成都,1
5678,棒子,1
5679,关了,1
5680,越兴,1
5681,兴奋,1
5682,精华,1
5683,在于,1
5684,车牌,1
5685,接去,1
5686,有些,1
5687,bb,1
5688,不敢相信,1
5689,山东,1
5690,生意,1
5691,咳,2
5692,亚麻,1
5693,跌,1
5694,太差,1
5695,评论,2
5696,LV5,1
5697,底下,1
5698,大骗子,1
5699,骗子,1
5700,老夫,1
5701,少女,2
5702,人造,1
5703,产品,1
5704,吉,1
5705,娃,1
5706,马戏,1
5707,悲,2
5708,委,1
5709,陈词,1
5710,陈词滥调,1
5711,滥调,1
5712,喘,3
5713,辆,1
5714,电瓶,2
5715,电瓶车,1
5716,货,1
5717,快车,1
5718,快车道,1
5719,车道,1
5720,假装,5
5721,小众,1
5722,后期,1
5723,大可不必,1
5724,可不,1
5725,不必,1
5726,多口,1
5727,流满,1
5728,草地,1
5729,霍,1
5730,拔剑,1
5731,最少,1
5732,27,3
5733,Q,1
5734,安排,2
5735,发布,1
5736,女主人,1
5737,主人,1
5738,主人公,1
5739,局促,1
5740,局促不安,1
5741,不安,1
5742,主上,1
5743,上过,1
5744,runninh,1
5745,man,1
5746,脑子,1
5747,脑子里,1
5748,奥利,1
5749,乍一看,1
5750,nene,1
5751,鼻子,3
5752,呼吸,1
5753,污,4
5754,脑,1
5755,补,1
5756,开炮,1
5757,里里,1
5758,YY,2
5759,接待,1
5760,网站,1
5761,孔明,1
5762,真难,1
5763,愧,1
5764,夸,1
5765,三次,1
5766,虚,1
5767,几条,1
5768,浏览,1
5769,浏览器,1
5770,一圈,1
5771,招人,1
5772,稀罕,1
5773,~~~~~,1
5774,不痛,1
5775,痛快,1
5776,夜,1
5777,主叫,1
5778,早恋,1
5779,小流氓,1
5780,流氓,2
5781,将近,1
5782,怼,2
5783,驾驭,1
5784,整整,1
5785,整一,1
5786,自制,1
5787,少不了,1
5788,一秒,1
5789,暑假,1
5790,调调,1
5791,去掉,1
5792,yzyyzyyzyyzyyzy,1
5793,尹,2
5794,tai,1
5795,明年,1
5796,多情,1
5797,格子,1
5798,动画,1
5799,被车撞,1
5800,骂,1
5801,痒,1
5802,笑笑,1
5803,撕,2
5804,智,1
5805,妍,1
5806,交易,1
5807,总想,1
5808,硬糖,1
5809,303,1
5810,平成,1
5811,非,1
5812,赫鲁晓夫,1
5813,鲁晓夫,1
5814,夫斯,1
5815,斯大林,1
5816,大林,1
5817,列宁,1
5818,勃列日涅,1
5819,列日,1
5820,列日涅夫,1
5821,契,1
5822,安德罗,1
5823,德罗,1
5824,罗波夫,1
5825,戈尔,1
5826,戈尔巴,1
5827,戈尔巴乔,1
5828,戈尔巴乔夫,1
5829,尔巴,1
5830,巴乔,1
5831,巴乔夫,1
5832,入直,1
5833,直播间,2
5834,整过,1
5835,里边,1
5836,皮,1
5837,调教,1
5838,！”,1
5839,回味无穷,1
5840,无穷,1
5841,骗,1
5842,笑死人,1
5843,悠,1
5844,四代,1
5845,团,1
5846,老虎,2
5847,两杯,1
5848,你家,1
5849,大米,1
5850,令人,1
5851,歪,1
5852,不要脸,2
5853,要脸,2
5854,军,1
5855,阵前,2
5856,婧,1
5857,瑶,1
5858,清楚,1
5859,太漂亮,1
5860,试一试,1
5861,关琴,1
5862,馋,2
5863,身子,2
5864,顺便,1
5865,跪求,1
5866,卢,1
5867,军阵,1
5868,还用,1
5869,用字,1
5870,肾,1
5871,肾宝,1
5872,配不上,3
5873,底层,1
5874,人人,1
5875,唱出,1
5876,果断,1
5877,开门,1
5878,擦边,1
5879,擦边球,1
5880,猫叫,1
5881,穷,1
5882,伟大,5
5883,灯塔,55
5884,容不下,1
5885,不下,1
5886,总结,1
5887,天下大同,1
5888,大同,1
5889,布鲁诺,1
5890,费尔南,1
5891,费尔南德,1
5892,费尔南德斯,1
5893,南德,1
5894,德斯,1
5895,幻视,1
5896,艺术境界,1
5897,高度,1
5898,杀戮,1
5899,调音,24
5900,调音师,22
5901,那天,1
5902,负责,1
5903,球,1
5904,语言,1
5905,单单,1
5906,单用,1
5907,散发,1
5908,光芒,2
5909,一个团,1
5910,摸鱼,1
5911,屋子,10
5912,120,1
5913,多个,1
5914,格莱美,14
5915,诺贝,5
5916,诺贝尔,5
5917,闻到,1
5918,调上,2
5919,何年,1
5920,何年何,1
5921,何年何月,1
5922,何月,1
5923,阵容,3
5924,国建,2
5925,建国,2
5926,建国以来,1
5927,打仗,2
5928,多么,4
5929,讽刺,1
5930,伪善,1
5931,上升,2
5932,升到,2
5933,三界,4
5934,之外,2
5935,外卖,1
5936,没到,1
5937,屋顶,1
5938,年迈,1
5939,显得,1
5940,白领,1
5941,工资,1
5942,每份,1
5943,善意,1
5944,回归,1
5945,归到,1
5946,纯净,1
5947,本质,1
5948,类,2
5949,耀,2
5950,诺贝尔奖,1
5951,奖,1
5952,获得,3
5953,获得者,1
5954,帮助,1
5955,次,1
5956,立为,1
5957,这位,2
5958,馆长,1
5959,活,2
5960,明亮,1
5961,苏联,5
5962,西班牙,1
5963,基佬,1
5964,背,1
5965,锅,1
5966,太空,1
5967,空灵,1
5968,自带,1
5969,带回,1
5970,类群,6
5971,群星,8
5972,闪耀,7
5973,手牵手,1
5974,子神,2
5975,放飞,1
5976,自我,1
5977,全明星,1
5978,歌唱,1
5979,一群,3
5980,名人,1
5981,名人堂,1
5982,大神,4
5983,发自,2
5984,发自内心,2
5985,自内心,2
5986,内心,2
5987,家用,1
5988,上班,1
5989,瞧,1
5990,再也不会,3
5991,组织,2
5992,一票人,1
5993,转,1
5994,无缝,1
5995,衔接,1
5996,组成,1
5997,效仿,1
5998,天会,4
5999,轻轻,1
6000,轻敲,1
6001,沉睡,1
6002,心灵,3
6003,无产,1
6004,无产者,1
6005,产者,1
6006,联合,1
6007,合起,1
6008,压力,1
6009,这边,2
6010,音乐史,1
6011,奇怪,1
6012,一肚子,1
6013,找不出,1
6014,失业,3
6015,の,1
6016,世间,2
6017,上天,1
6018,机会,2
6019,释放,1
6020,毛利,1
6021,小五郎,1
6022,五郎,1
6023,祖师,1
6024,祖师爷,1
6025,师爷,1
6026,追,1
6027,喂饭,1
6028,全宇宙,1
6029,人声,1
6030,配在,1
6031,配在一起,1
6032,bob,1
6033,特供,1
6034,太阳,1
6035,光芒万丈,1
6036,万丈,1
6037,细看,1
6038,黑子,1
6039,国际,2
6040,著名,1
6041,男高音,1
6042,想得到,1
6043,升华,2
6044,洗涤,1
6045,万里,1
6046,金嗓子,1
6047,二十个,1
6048,塔瓦,1
6049,数,1
6050,最大,1
6051,git,1
6052,诸,2
6053,黄昏,3
6054,冷战,1
6055,复苏,1
6056,人们,1
6057,努力创造,1
6058,创造,2
6059,未来,2
6060,同根,1
6061,煎,1
6062,劳动,1
6063,劳动者,1
6064,建设,1
6065,真诚,1
6066,不管,1
6067,此时此刻,1
6068,此刻,1
6069,骂骂,1
6070,骂骂咧咧,1
6071,骂咧,1
6072,骂咧咧,1
6073,咧咧,1
6074,连指,2
6075,莱昂,1
6076,内尔,1
6077,明灯,1
6078,弄出,1
6079,阵,1
6080,仗,1
6081,邀请,1
6082,心底,1
6083,烙印,1
6084,教我如何,1
6085,做人,1
6086,USA,1
6087,were,1
6088,the,3
6089,world,1
6090,羊,1
6091,驼,1
6092,突出,1
6093,从来不,1
6094,少装,1
6095,装,2
6096,懒得,1
6097,前边,1
6098,源自,1
6099,秦腔,1
6100,国际主义,1
6101,主义,2
6102,浓度,1
6103,度过,1
6104,曲本,1
6105,称作,1
6106,现实,1
6107,做到,2
6108,中音,2
6109,教材,1
6110,典范,1
6111,发动战争,1
6112,Michael,2
6113,乡村,5
6114,乡村音乐,1
6115,老爷,3
6116,老爷子,3
6117,发挥,1
6118,荣光,2
6119,之国,1
6120,冬奥,1
6121,冬奥会,1
6122,响彻,1
6123,鸟巢,1
6124,锣,1
6125,迪伦,9
6126,里奇,2
6127,昆西,3
6128,位非,1
6129,常值,1
6130,敬佩,1
6131,人物,2
6132,教父,1
6133,成长,1
6134,过程,1
6135,霉,1
6136,铭记,1
6137,自由,1
6138,一本,2
6139,本书,1
6140,多少次,1
6141,抛弃,2
6142,心心,1
6143,相通,1
6144,天下一家,3
6145,一家,5
6146,之时,1
6147,愤怒,5
6148,小鸟,4
6149,十座,1
6150,格莱美奖,2
6151,奖杯,1
6152,屋,2
6153,封神,1
6154,点灯,1
6155,车上,1
6156,查尔斯,3
6157,离场,1
6158,归,1
6159,84,1
6160,感慨,1
6161,创意,1
6162,般地,1
6163,召集,1
6164,针尖,1
6165,针尖对麦芒,1
6166,麦芒,1
6167,殿堂,2
6168,级别,3
6169,海豹,5
6170,黑鹰,1
6171,黑鹰坠落,1
6172,坠落,2
6173,人性,2
6174,光辉,4
6175,与生俱来,1
6176,人民,3
6177,揭露,1
6178,乐于,1
6179,拯救,1
6180,真对,1
6181,对得起,1
6182,大团,2
6183,大团结,2
6184,团结,3
6185,戴安娜,3
6186,安娜,3
6187,罗斯,4
6188,政客,1
6189,公民,1
6190,截然,1
6191,截然不同,1
6192,落泪,1
6193,屋子里,2
6194,一座,1
6195,那场,1
6196,荟萃,1
6197,living,1
6198,超想,1
6199,热泪,3
6200,热泪盈眶,3
6201,盈眶,3
6202,别个,1
6203,个性,1
6204,音乐声,1
6205,乐声,1
6206,修,1
6207,鹰,1
6208,霸主,1
6209,集体,1
6210,出游,1
6211,用来,2
6212,向往,1
6213,黑豹,1
6214,理想,1
6215,理想化,1
6216,辛德勒,1
6217,德勒,1
6218,名单,1
6219,回顾,1
6220,东方,2
6221,大国,1
6222,四海,3
6223,四海一家,2
6224,烁,1
6225,小包,1
6226,音乐界,1
6227,星星,1
6228,诺贝尔文学奖,1
6229,文学,1
6230,文学奖,1
6231,音乐家,2
6232,普约尔,1
6233,约尔,1
6234,巴萨,1
6235,不复存在,1
6236,别闹,1
6237,俄罗斯,1
6238,指挥家,1
6239,无国界,3
6240,国界,5
6241,疼,1
6242,一去不复,1
6243,一去不复返,1
6244,一去不复返了,1
6245,复返,1
6246,打电话,1
6247,包容,1
6248,来自,1
6249,鳄鱼,1
6250,太神,1
6251,哈里,1
6252,贝拉,1
6253,方,2
6254,建造,1
6255,身上,2
6256,长发,2
6257,青衫,1
6258,湿,1
6259,音乐课,1
6260,兴盛,1
6261,注定,1
6262,利剑,1
6263,劈开,1
6264,荆棘,1
6265,坚,1
6266,盾,1
6267,践行,1
6268,维护,1
6269,被评,1
6270,评为,1
6271,百人,1
6272,：？,1
6273,r,1
6274,辛迪,3
6275,收下,1
6276,膝盖,1
6277,沾边,1
6278,它,3
6279,灭亡,1
6280,冷冷,1
6281,冷冷的,1
6282,糟心,1
6283,祝愿,1
6284,干好,1
6285,好事,1
6286,明智,1
6287,乐团,1
6288,对唱,4
6289,即兴,1
6290,必要,1
6291,固定,1
6292,调剂,1
6293,而且,2
6294,课间,1
6295,铃,1
6296,愿望,1
6297,坏人,1
6298,利用,1
6299,彼时,2
6300,因时,1
6301,璀璨,1
6302,坐下,1
6303,年薪,1
6304,一千万,1
6305,进不了,1
6306,O,2
6307,(∩,1
6308,∩),1
6309,有力,1
6310,不自,1
6311,自信,1
6312,熄灭,1
6313,子格,1
6314,三年级,1
6315,东边,1
6316,早就,1
6317,罗山,1
6318,净化,1
6319,71,3
6320,今日,1
6321,布鲁斯,3
6322,鲁斯之,1
6323,之父,1
6324,史蒂夫,1
6325,蒂夫,1
6326,偷笑,1
6327,92,1
6328,撑,1
6329,达人,1
6330,蒙,1
6331,陶喆,1
6332,指路,1
6333,屏蔽,2
6334,眼镜,1
6335,难民,1
6336,制造,3
6337,查查,1
6338,琼斯,2
6339,五大,1
6340,五大洲,1
6341,大洲,1
6342,恶之花,1
6343,这群人,1
6344,人身,1
6345,愿,3
6346,分国,1
6347,归位,1
6348,宴,1
6349,战场,1
6350,标签,1
6351,灭,1
6352,相继,1
6353,麦克斯,1
6354,克斯,1
6355,吸引,1
6356,引人,1
6357,开上,1
6358,管辖,1
6359,好感,1
6360,包围,1
6361,女王,1
6362,王大人,1
6363,大人,1
6364,经变,1
6365,127,1
6366,接近,1
6367,罗斯福,1
6368,融合,1
6369,云集,1
6370,巨石,1
6371,森,1
6372,謝,2
6373,您们,1
6374,转音,1
6375,斯普林,1
6376,斯普林斯,1
6377,普林斯,1
6378,斯汀,2
6379,关,1
6380,天佑,1
6381,美利,2
6382,美利坚,2
6383,立起,4
6384,百听不厌,1
6385,不厌,1
6386,神奇,1
6387,奇女,1
6388,女侠,1
6389,混入,1
6390,其中,1
6391,can,1
6392,打错,1
6393,Springsteen,1
6394,做出,1
6395,善事,1
6396,究竟,1
6397,行不行,1
6398,47,1
6399,美国政府,2
6400,国政,2
6401,政府,2
6402,却是,1
6403,毁坏,1
6404,督工,1
6405,红星,1
6406,74,1
6407,卧,1
6408,槽,1
6409,再也不是,1
6410,灿烂,1
6411,闪亮,1
6412,讨论,1
6413,疾病,1
6414,饥饿,1
6415,中文名,1
6416,文名,1
6417,Start,1
6418,giving,1
6419,良心,1
6420,。。。。。。。。。。。。。。。。。。。。。,1
6421,堕落,1
6422,落成,1
6423,副,1
6424,狼,2
6425,老美,1
6426,大元,1
6427,越好,1
6428,hvvvyvvvvvvvvvyvvvvvvvvyvvvvmvvyvvvvvvvvmvvvvvvyyvvvvmvvvvmvmvvvvvvvvmvvvmvmvvmvvvymvyvvvvvvvvvvvvvv,1
6429,史书,1
6430,上推,1
6431,寂静,1
6432,震惊,1
6433,ohhhhhhhhh,1
6434,奥林匹,1
6435,奥林匹斯,1
6436,斯山,1
6437,金丝,1
6438,金丝雀,1
6439,we,1
6440,children,1
6441,Geoffrey,1
6442,Hinton,1
6443,图灵,1
6444,图灵奖,1
6445,世界主义,1
6446,停战,1
6447,张纪中,1
6448,宙斯,1
6449,宇,2
6450,劳,1
6451,帕,1
6452,一尊,1
6453,乔丹,1
6454,”“,1
6455,实现,1
6456,一百倍,1
6457,国本,1
6458,美丽,1
6459,抱歉,1
6460,billy,1
6461,看中,1
6462,Jackson,1
6463,无灾,1
6464,灾厄,1
6465,东大,1
6466,东大街,1
6467,普鲁斯,1
6468,嗓,1
6469,余晖,1
6470,上海,1
6471,涤纶,1
6472,so,1
6473,many,1
6474,pinks,1
6475,SH,1
6476,小区,1
6477,20220407,1
6478,跳出,2
6479,五行,2
6480,某些,1
6481,土鳖,1
6482,联系,1
6483,软,1
6484,干什么,1
6485,自始,1
6486,鲍,8
6487,勃,8
6488,放任,1
6489,放任自流,1
6490,自流,1
6491,记住,1
6492,e,1
6493,小辈,2
6494,老辈,1
6495,健在,1
6496,黄种,1
6497,黄种人,1
6498,不算,1
6499,卷,2
6500,管,1
6501,…………,1
6502,旺,1
6503,盲人,3
6504,听力,1
6505,障碍,1
6506,不停,1
6507,找准,1
6508,几十个,1
6509,WE,1
6510,ARE,1
6511,ZHE,1
6512,WORLD,1
6513,say,3
6514,you,2
6515,sayme,1
6516,演唱者,1
6517,恭迎,1
6518,迎春,1
6519,叫做,1
6520,兼具,1
6521,辛,3
6522,cant,1
6523,造成,2
6524,战乱,2
6525,？​,2
6526,拜,1
6527,正义,1
6528,永存,1
6529,谎言,1
6530,迟早,1
6531,迟早会,1
6532,呗,1
6533,逼到,1
6534,好几遍,1
6535,talking,1
6536,about,1
6537,polities,1
6538,this,1
6539,video,1
6540,god,1
6541,je,1
6542,ma,1
6543,pel,1
6544,不应,1
6545,有别,1
6546,杠,1
6547,从头,1
6548,跑调,3
6549,调到,1
6550,无私,1
6551,鼻音,1
6552,田,1
6553,震,1
6554,james,1
6555,ingram,1
6556,垮,1
6557,超凡,1
6558,超凡脱俗,1
6559,脱俗,1
6560,同心,1
6561,终将,1
6562,懂得,1
6563,下班,1
6564,丝袜,1
6565,beyond,1
6566,在世,1
6567,四周,1
6568,皆,1
6569,蛮夷,1
6570,答案,1
6571,飘荡,1
6572,雷老爷,1
6573,控,1
6574,冠,1
6575,花钱,1
6576,种,1
6577,全都,1
6578,洋溢,1
6579,洋溢着,1
6580,二姐,1
6581,体,1
6582,团结起来,1
6583,结起,1
6584,结起来,1
6585,国文,1
6586,黑人,2
6587,不成,1
6588,THANK,1
6589,YOU,1
6590,MY,1
6591,KING,1
6592,POP,1
6593,odd,1
6594,taxi,1
6595,提到,1
6596,特来,1
6597,世上,1
6598,起头,1
6599,me,1
6600,啥事,1
6601,变性,1
6602,女厕,1
6603,女厕所,1
6604,厕所,1
6605,没空,1
6606,可笑,1
6607,西方,1
6608,嘴脸,1
6609,几百,1
6610,百座,1
6611,几座,1
6612,界外,1
6613,后无来者,1
6614,来者,1
6615,合唱团,1
6616,吹牛,1
6617,jpg,1
6618,现如今,1
6619,改成,1
6620,MAGA,1
6621,互,1
6622,村上,1
6623,村上春树,1
6624,鹤立,1
6625,鹤立鸡群,1
6626,共获,1
6627,76,1
6628,提名,1
6629,样,1
6630,深远,1
6631,准,1
