,弹幕出现时间,弹幕模式,弹幕字体大小,弹幕十六进制颜色,弹幕池(0为普通池，1为字幕池，2为特殊池),弹幕发送者加密id,弹幕id,弹幕内容
1,12.30200,顶端弹幕,25,0xffffff,0,cd337e09,1016875631981790720,太亲切了呜呜呜
2,2.49900,顶端弹幕,25,0xe70012,0,ddd15182,1016384085473459712,当初不写黄冈小状元也要看的动画啊
3,82.37100,滚动弹幕,25,0xffffff,0,fb11f8e7,1012191509879083520,米兰的小铁匠！！！
4,9.48800,滚动弹幕,25,0xe70012,0,987c0693,1002760951008674304,终于找到了！开心！
5,19.42200,顶端弹幕,25,0xe70012,0,f9526f2e,986297682392891392,欲知造化會元功
6,6.45900,滚动弹幕,25,0x84c0cb,0,a8a28114,958170761713745920,瞧瞧这是什么宝贝！
7,19.49900,滚动弹幕,25,0xffffff,0,af6e4686,957458460369395712,覆载群生仰至仁，发明万物皆成善
8,15.39200,顶端弹幕,25,0xe70012,0,ddb411cb,955236463703474176,自从盘古破红门
9,87.11100,顶端弹幕,25,0xe70012,0,f6b67d47,56804300241455104,跑遍了牧场又绕过了村庄
10,47.15000,滚动弹幕,25,0xffffff,0,819136db,54836521589843968,到沙僧这里曲风突变hhh
11,18.26300,顶端弹幕,25,0xe70012,0,f9526f2e,54460874282456576,欲知造化会圆通
12,15.14300,顶端弹幕,25,0xe70012,0,f9526f2e,54460867092184064,开辟从兹清浊辩
13,6.78300,顶端弹幕,25,0xe70012,0,f9526f2e,54460824427200512,混沌未分天地乱
14,35.68800,滚动弹幕,25,0xffffff,0,b928571a,54390843889994240,片尾曲是轻音乐你确定能背?
15,10.53900,滚动弹幕,25,0xe70012,0,424a1491,53403908092189696,把心疼老沙打在公屏上
16,46.36800,滚动弹幕,25,0xffffff,0,3c03096b,50216045737672709,沙僧沙僧任劳任怨
17,72.60200,顶端弹幕,25,0x90c320,0,e6aad7f5,49620443763572741,过了十多年了居然还能跟着唱出来，DNA动了
18,0.38500,滚动弹幕,25,0xffffff,0,390f4de0,49605431142121541,被安排得明明白白
19,2.84700,滚动弹幕,25,0xffffff,0,b81ed4e1,48019590933905415,看看我发现了什么宝贝
20,3.49900,滚动弹幕,25,0xffffff,0,2ad7d9ac,47985678059831299,看看我发现了什么宝贝！！！！
21,33.61900,滚动弹幕,25,0x90c320,0,da76a4ca,47215350348513285,以前很多动画 电视剧都有rap哈哈哈哈
22,16.99600,滚动弹幕,25,0xffffff,0,4121fd73,44763975915143175,小破站真是个宝地
23,57.07900,滚动弹幕,25,0xffffff,0,788d053d,43276066662383621,沙僧是最懂的
24,31.43100,滚动弹幕,25,0xffffff,0,6b8d1f20,43067849732784135,最怀念的最爱的童年
25,0.39600,顶端弹幕,25,0x84c0cb,0,768dd9be,41785437932486663,我的天哪，在这看见，真是彗星撞地球
26,12.70700,滚动弹幕,25,0xffffff,0,eac4193f,40276612363059203,老黄金矿工了
27,35.11900,顶端弹幕,25,0xe70012,0,2a7f30bc,39181863065485315,真的是童年了，曾经真的好爱
28,11.74700,顶端弹幕,25,0xe70012,0,d6593578,38737598324670471,自从盘古破鸿门
29,18.53900,顶端弹幕,25,0xe70012,0,d6593578,38737248006438919,欲知造化会元功
30,14.97900,顶端弹幕,25,0xe70012,0,d6593578,38737238430842883,开辟从兹清浊辨
31,12.93900,顶端弹幕,25,0xe70012,0,d6593578,38737231819571203,自从盘古破鸿门
32,5.63900,顶端弹幕,25,0xe70012,0,d6593578,38737206163013637,混沌未分天地乱
33,11.02600,滚动弹幕,25,0xffffff,0,51c13bb9,37250150316376071,西游记开篇词！
34,84.99900,滚动弹幕,25,0xffffff,0,b34b8007,36659647120670727,《米兰的小铁匠》
35,23.05900,滚动弹幕,25,0xffffff,0,fd51c54a,36602526118707203,以前还背过开头这个哈哈哈
36,59.39800,滚动弹幕,25,0xffffff,0,cebe7bd0,36190351089729543,哈哈哈沙师弟太惨了
37,1.09900,滚动弹幕,25,0xffffff,0,5d0f64e1,35932611735977989,看看我发现了什么宝贝！！！！
38,18.32500,滚动弹幕,25,0xe70012,0,5123e452,35453259574935559,他漏了一句
39,7.13900,顶端弹幕,25,0xfef102,0,10c2d2ad,34652840166686727,哇！金色传说
40,14.85900,滚动弹幕,25,0xffffff,0,e278293f,32227644615950343,我当初在手机上狂追
41,13.69600,滚动弹幕,25,0xffffff,0,93105cc4,31895289708150787,看看我发现了什么宝贝！
42,69.11900,滚动弹幕,25,0xe70012,0,be22c147,31801357898350595,夺宝幸运星滋～
43,15.47400,滚动弹幕,25,0xffffff,0,49a8982c,31251659502911493,我还专门背过这首诗！
44,22.38900,滚动弹幕,25,0xffffff,0,541cfa2b,30906116524736519,　覆载群生仰至仁，发明万物皆成善。
45,14.95800,滚动弹幕,25,0xffffff,0,541cfa2b,30906104729829379,　覆载群生仰至仁，发明万物皆成善。
46,1.60000,顶端弹幕,25,0xffd302,0,db2093fc,30844465918771207,看看我发现了什么宝贝
47,63.83000,滚动弹幕,25,0xffffff,0,e00d2900,30820107441143811,超级有梗的动画片!
48,3.25900,滚动弹幕,25,0xffffff,0,4b0ebf44,30700565207973893,看看我发现了什么宝贝
49,47.93000,顶端弹幕,25,0xfef102,0,64a86bc6,30543226237091847,沙僧：师傅，我饿了。 唐僧：什么？又饿了？不是上个月刚给你过饭吃吗？
50,1.68800,滚动弹幕,25,0xffffff,0,f8607232,30293641345368067,我的天呀，真的是神奇了。
51,6.13900,滚动弹幕,25,0xffffff,0,60e06ff3,30161007008546819,恭喜你发现了宝贝
52,77.83900,滚动弹幕,25,0xffffff,0,34df0a45,30139278091091971,沙僧好卑微
53,3.91800,底端弹幕,25,0x9843,0,7bfd53c2,30094051265478663,审 核 噩 梦
54,11.06600,顶端弹幕,25,0xe70012,0,327dd262,30091969976336387,这个熟悉的bgm！！！
55,17.46600,滚动弹幕,25,0xffffff,0,590945a7,30091732688830467,哇塞，我一直在找这个，终于找到了
56,60.37700,滚动弹幕,25,0xfe0302,0,3502901f,30072163753525253,沙僧很暖的
57,17.98700,滚动弹幕,25,0xffffff,0,9cac32c4,30068031719735301,恭喜你发现了宝藏！！！
58,3.04300,滚动弹幕,25,0xffffff,0,8c60cfb,30050237510844423,滑稽何老师友情出演
59,60.48100,滚动弹幕,25,0xffffff,0,84836758,30047834580451331,我们拥有最好的童年！！！
60,25.83800,滚动弹幕,25,0xffffff,0,84836758,30047816442183687,沙僧沙僧任劳任怨！！！
61,50.34600,滚动弹幕,25,0xffffff,0,c654cdab,30047117364428803,沙僧印象最深真的是个卑微仔
62,1.59900,滚动弹幕,25,0xffffff,0,336893b5,1021215195911309312,夺宝幸运星之～
63,86.59800,滚动弹幕,25,0xe70012,0,59636aa1,987957256586371072,这里的BGM是周杰伦的《米兰的小铁匠》
64,7.69900,顶端弹幕,25,0xe70012,0,f9526f2e,986295921404780544,混沌未分天地亂
65,19.77100,滚动弹幕,25,0xffffff,0,a214430d,986294181878767616,广告是它亲兄弟
66,51.46400,滚动弹幕,25,0xffffff,0,576e361,961496257571815424,我要这硬币有何用
67,8.14700,滚动弹幕,25,0xe70012,0,ddb411cb,955236254044119040,混沌未分天地乱
68,38.01900,滚动弹幕,25,0xffffff,0,7e34f93a,58484623232699904,终于让我给找着了
69,19.73000,滚动弹幕,25,0xffffff,0,7f09695e,57909485071711232,瞧瞧我发现了什么
70,18.55700,滚动弹幕,25,0xffffff,0,76b7d8f,57332054337641472,这段诗就是西游记开头写的
71,88.60100,滚动弹幕,25,0xffffff,0,a539eaf1,55465156774806528,米兰的小铁匠
72,71.85900,滚动弹幕,25,0xffffff,0,f2a22912,55304091273881600,这个还有电影
73,45.12000,滚动弹幕,25,0xffffff,0,6d2a6ad3,53729859601518080,我真的无法用语言来形容我的激动
74,63.70400,滚动弹幕,25,0xffffff,0,366a56d2,53625716377092608,沙僧老惨了
75,29.77900,滚动弹幕,25,0xffffff,0,7670a9a3,53363071795584512,天呐，看我发现了什么。
76,10.17900,滚动弹幕,25,0xffffff,0,87e356ea,52568357596561411,我的天，终于找到了，爷青回!
77,15.69600,滚动弹幕,25,0xffffff,0,7e8cf964,49984255103074307,瞧瞧我发现了什么
78,68.13600,滚动弹幕,25,0xffffff,0,fda68230,48916526872920067,报个数啊，我忘了，呜呜呜~
79,41.33900,滚动弹幕,25,0xffffff,0,2c54f1d,48443966302978051,这个rap太强了
80,57.96900,底端弹幕,25,0xfe0302,0,2fc9c334,48435335498039299,取经为了什么（普渡众生）
81,47.50400,滚动弹幕,25,0xffffff,0,b928571a,48241535860867075,歌词神预言有木有
82,49.73800,滚动弹幕,25,0xffffff,0,b8c6a8af,47976776020262915,全剧最惨的
83,24.97900,滚动弹幕,25,0xffffff,0,1fb751fb,47370292236386311,恐怖的收藏量
84,48.65900,滚动弹幕,25,0xffffff,0,693ba1cf,46174956832686087,当年op都会唱了
85,11.37900,滚动弹幕,25,0xfef102,0,5268a12f,43899176891711491,老矿工了
86,22.20900,滚动弹幕,25,0xffffff,0,4c1d67c9,43015899391197189,有多少千年浮华一朝传说
87,60.76400,滚动弹幕,25,0xffffff,0,dc3561a6,41778552339693571,唐僧  放心肉
88,25.10500,滚动弹幕,25,0xf0ab2a,0,68607573,39288965641011203,大家注意，这是片头
89,30.48400,滚动弹幕,25,0xffffff,0,367a2086,38250382022934531,童年！！！！！我还记得最后那一句
90,10.72900,滚动弹幕,25,0xffffff,0,984115f2,37835180863913987,我发现了什么？？！！！！！
91,86.16000,滚动弹幕,25,0xffffff,0,6eb16281,36678290044354565,米兰的小铁匠
92,44.59900,滚动弹幕,25,0xffffff,0,311c73fa,36658677123383301,啊这个词太棒了
93,0.80200,滚动弹幕,25,0x90c320,0,53269ace,36159135877693443,我的童年啊，以前看的时候笑到站不起来
94,41.71200,滚动弹幕,25,0xffffff,0,d7474338,35667720041136135,关键清晰度还这么好
95,5.05900,滚动弹幕,25,0xffffff,0,e26b964a,35347582709399555,我靠我激动到呼吸困难
96,52.90100,滚动弹幕,25,0xffffff,0,4c912279,35035201286438917,以前还会唱
97,7.98200,滚动弹幕,25,0xffffff,0,ab732d5,33108374507225093,看我发现了什么，童年啊！
98,56.63500,滚动弹幕,25,0xffffff,0,6679a6fc,32612894589845509,我就知道B站肯定有
99,34.46400,滚动弹幕,25,0xffffff,0,3dc52bbd,32315201475837959,牛逼啊！爷的童年！
100,61.78300,滚动弹幕,25,0xffffff,0,389a1b31,32107995239284743,以前的动画真的耐看
101,39.77300,滚动弹幕,25,0xffffff,0,f65971ff,31946169869402119,爷哭了 爱了爱了
102,79.41800,滚动弹幕,25,0xe70012,0,be22c147,31801365749563395,夺宝幸运星滋
103,41.37900,滚动弹幕,25,0xffffff,0,330681f7,31631930192560133,满满的回忆
104,77.41800,滚动弹幕,25,0xffffff,0,d09430fe,31351009357856775,00的表示超怀念！！！！
105,24.48200,滚动弹幕,25,0xffffff,0,f861aac5,31096275225542661,我找到了什么！！！
106,6.73600,滚动弹幕,25,0xffffff,0,b14fb3de,30910401743421443,这个开头曲我还背过了
107,24.73200,滚动弹幕,25,0xffffff,0,bc83c54d,30757157434556419,我的童年宝藏！！！！
108,34.49900,滚动弹幕,25,0xffffff,0,2648cf0,30673999834906629,爷的青春啊！
109,50.99900,滚动弹幕,25,0xffffff,0,432b6fda,30409540747395075,整部就沙僧一个好人
110,12.05900,滚动弹幕,25,0xffffff,0,9b526257,30185272523620359,妈妈看我发现了什么？
111,79.24100,滚动弹幕,25,0xffffff,0,2e41092c,30138326339551239,这段是周董的 米兰的小铁匠
112,52.37900,滚动弹幕,25,0xffffff,0,8e611e36,30124812553158661,沙僧太惨了
113,31.79200,滚动弹幕,25,0xffffff,0,d92cd843,30107507653869571,我靠我还会唱
114,19.77200,滚动弹幕,25,0xfef102,0,cf62fa3f,30048577049329667,看看我发现了什么！
115,71.11700,滚动弹幕,25,0xffffff,0,171a4e1c,1022993905781668864,太妙了
116,14.57800,滚动弹幕,25,0xffffff,0,ee58fe64,997825660578611200,啊——好喜欢，作者大大爱死你了
117,56.24500,滚动弹幕,25,0xffffff,0,fd8fd43c,979858929739251712,沙僧超惨
118,54.34100,滚动弹幕,25,0xffffff,0,7a58e946,962988438494699520,我现在还能唱
119,2.13900,滚动弹幕,25,0xffffff,0,50e100e6,59337051652753920,看看我发现了什么宝贝！！
120,64.69100,滚动弹幕,25,0xffffff,0,f680ea4e,57563385390408704,致敬圣斗士
121,50.76700,滚动弹幕,25,0xffffff,0,635658c9,54652868746787328,最惨沙僧
122,4.65100,滚动弹幕,25,0xffffff,0,4bca2935,53607473390246912,梦开始的地方
123,16.58200,滚动弹幕,25,0xffffff,0,d1903bdf,53046330295291392,超喜欢这开场
124,46.78300,滚动弹幕,25,0xffffff,0,715af402,52781297727700997,梦开始的地方
125,3.05900,滚动弹幕,25,0xffffff,0,b1a0738b,52592249426935811,混沌未分天地乱
126,77.79900,滚动弹幕,25,0xffffff,0,de0df519,51903893526282247,DNA动了
127,39.25500,滚动弹幕,25,0xffffff,0,aab9ca0d,50098645319548935,天呐我好爱
128,82.87200,顶端弹幕,25,0xfe0302,0,ee76bd93,49325550994456581,周董的米兰小铁匠
129,76.62100,滚动弹幕,25,0xffffff,0,29cc6437,49204803868295175,就我一个是零八的
130,60.70900,底端弹幕,25,0xfe0302,0,2fc9c334,48435359815041027,女儿国呀蜘蛛精呀（伤透了心呀）
131,50.18300,底端弹幕,25,0xfe0302,0,2fc9c334,48435303181975559,团队里的好伙伴吃苦为先
132,47.60600,底端弹幕,25,0xfe0302,0,2fc9c334,48435293133471751,沙僧沙僧任劳任怨
133,44.70600,底端弹幕,25,0xfe0302,0,2fc9c334,48435286717235205,高老庄的路就是最后的归途
134,32.27900,底端弹幕,25,0xfe0302,0,2fc9c334,48435238459670533,火眼金睛去除妖魔师父总念紧箍咒
135,86.59900,滚动弹幕,25,0xffffff,0,46681b3,47764844035702787,米兰的小铁匠
136,25.07600,滚动弹幕,25,0xffffff,0,5b6c7266,47076683048550407,我还抄过这一段！！
137,45.67200,滚动弹幕,25,0xffffff,0,6ed1442,46535648646004739,曾经的童年 
138,64.85700,滚动弹幕,25,0xffffff,0,a094921b,43858592446021635,真的泪目了
139,28.88900,滚动弹幕,25,0xffffff,0,87bfe7e9,43781669219991555,爷发现了什么！
140,37.85500,滚动弹幕,25,0xffffff,0,ad204a2f,41235491525230595,看看我发现了什么
141,22.19000,滚动弹幕,25,0xffffff,0,1a57b08e,40761505094303749,好久之前看的怀念啊
142,83.57900,滚动弹幕,25,0xffffff,0,1afcb4e5,38056031046074371,终于找到了！
143,51.16700,滚动弹幕,25,0xffffff,0,66d7bca0,37524441382518787,从西游记过来
144,12.79200,滚动弹幕,25,0xffffff,0,45f6d1b1,37393892814356485,？！！爷的青春啊
145,11.05800,滚动弹幕,25,0xffffff,0,fe555257,37280601858375683,终于找到了！！！！！
146,11.71900,滚动弹幕,25,0xffffff,0,4d39abd7,37233635190898695,是个狠人
147,49.49900,滚动弹幕,25,0xffffff,0,cc22c9a,35061674859823107,哇，好怀念啊QWQ小的时候天天在电视上看
148,4.98000,滚动弹幕,25,0xffffff,0,5dc9a77a,34611673578340357,终于让我找到了，童年回忆
149,63.53000,滚动弹幕,25,0xffffff,0,9f7aa01c,31356178654560261,挑山工
150,39.95900,滚动弹幕,25,0xffffff,0,844ffb74,30984470930653189,竟然有！神仙up！
151,5.86100,滚动弹幕,25,0xffffff,0,ac1c0c2d,30847974967869445,武汉加油
152,19.66100,滚动弹幕,25,0xffffff,0,2f10bedb,30709594041876485,我发现宝藏了
153,59.58400,滚动弹幕,25,0xffffff,0,d446536,30405334188163075,看我找到了什么！！！！！！！！
154,4.20900,滚动弹幕,25,0xffffff,0,b7338e96,30398348275482631,看看我发现了什么！
155,20.33600,滚动弹幕,25,0xffffff,0,c78dc0b4,30300144500473923,宝藏！！！！
156,59.46200,滚动弹幕,25,0xffffff,0,1d98bf86,30273126528974855,沙僧好惨
157,10.75900,滚动弹幕,25,0xffffff,0,4f28d743,30092010969890819,满满的回忆
158,84.43700,滚动弹幕,25,0xffffff,0,3f0e0005,30091740081291267,太满足了！
159,73.11900,滚动弹幕,25,0xffffff,0,ca8609ae,30082756503928903,小学那会儿看的
160,45.40300,滚动弹幕,25,0xffffff,0,46d4a4fa,979792647355260928,终于找到了
161,24.12300,顶端弹幕,25,0xe70012,0,ddb411cb,955236855420690432,须看西游释厄传
162,6.01900,滚动弹幕,25,0xffffff,0,471cc6de,59382658500712448,小破站牛批
163,3.31900,滚动弹幕,25,0xe70012,0,53cbc6e4,58786121660987392,看看我发现了什么
164,67.01200,滚动弹幕,25,0xffffff,0,b1ac0fab,58749993463394816,好家伙，艾泽拉斯啊
165,21.52300,滚动弹幕,25,0xffffff,0,fb6f6243,58428527253218816,少了两句
166,29.26100,滚动弹幕,25,0xffffff,0,77eeb338,57074541519506944,看看我发现了啥
167,43.79100,滚动弹幕,25,0xffffff,0,243ca87c,57014776695596544,爱了，回忆
168,39.23900,滚动弹幕,25,0xffffff,0,5d254149,54994230727364096,我到现在还会唱op
169,59.48300,滚动弹幕,25,0xffffff,0,f5a57bbb,54961842271342592,哦，我哭了
170,47.39600,滚动弹幕,25,0xffffff,0,91e3d5d5,54671425345262080,夺宝幸运星
171,81.41700,滚动弹幕,25,0xe2027f,0,9fc40419,54611658083184128,周杰伦的米兰的小木匠
172,23.46300,顶端弹幕,25,0xe70012,0,f9526f2e,54460890635329536,须看西游释厄传
173,12.30300,顶端弹幕,25,0xe70012,0,f9526f2e,54460858850101248,自从盘古破洪门
174,29.94800,滚动弹幕,25,0xffffff,0,4eba4ad8,51291108010885123,搞笑版西游记
175,23.73900,滚动弹幕,25,0xffffff,0,988ec641,50687657425502211,爷的童年！！！！！
176,31.15900,滚动弹幕,25,0xffffff,0,6eff5de2,50102495273287687,我靠我真哭了
177,16.88500,滚动弹幕,25,0xffffff,0,c6a12533,49843911987298307,爷的青春啊！
178,6.65900,滚动弹幕,25,0xffffff,0,ed53765d,49595886936784901,看看我发现了什么！
179,39.91500,底端弹幕,25,0xfe0302,0,2fc9c334,48435266775941127,所有奋斗目标就是为了吃饱喝足
180,38.59600,底端弹幕,25,0xfe0302,0,2fc9c334,48435258551959555,猪八戒的日子一天一天过得很幸福
181,19.40000,底端弹幕,25,0xfe0302,0,2fc9c334,48435176007532613,欲知造化会元功
182,17.06500,滚动弹幕,25,0xffffff,0,1a334241,47968952793956357,我最爱看的版本！！！
183,11.24300,滚动弹幕,25,0xffffff,0,5e28c86d,47512410567737351,这个是我真童年，笑死我了
184,9.07000,滚动弹幕,25,0xffffff,0,df4db9ef,47360028774498311,梦开始的地方
185,32.54000,顶端弹幕,25,0xe70012,0,76e575cb,47022331392950277,黎瑞刚好像就是小青天司徒公的导演
186,15.22700,滚动弹幕,25,0xffffff,0,4a06bb7b,43304699049803779,梦开始的地方
187,65.66200,滚动弹幕,25,0xffffff,0,9039ebf1,42327466316922883,童年回忆啊
188,50.20400,滚动弹幕,25,0xffffff,0,7e1e0edf,41910047182684163,嗯，不吃了
189,39.14700,滚动弹幕,25,0xe70012,0,1d0d4382,39423072599015431,妙啊
190,69.82300,滚动弹幕,25,0xffffff,0,fb38a1c8,39198995799605253,老rapper
191,26.94200,滚动弹幕,25,0xffffff,0,26e6bd26,38320326747619335,童年的回忆
192,49.54900,滚动弹幕,25,0xffffff,0,3dd8f4b8,38196003178283011,终于找到了
193,35.74300,滚动弹幕,25,0xffffff,0,eca86d86,37122636296224773,童年啊哭了
194,88.80900,滚动弹幕,25,0xffffff,0,fa544052,36165469152477189,杰伦的米兰的小铁匠啊
195,61.83500,滚动弹幕,25,0xffffff,0,71bbc758,34345971713310727,回忆童年
196,15.99200,滚动弹幕,25,0xffffff,0,db4cf663,31725001313878019,！！！我找到了！
197,45.53500,滚动弹幕,25,0xffffff,0,ef3d0f8b,31391563605082183,老rapper了
198,17.74900,滚动弹幕,25,0xffffff,0,c6eb128c,31388987301036035,儿时回忆啊！！
199,32.95000,滚动弹幕,25,0xffffff,0,7f98942c,31183385109463047,啊~我的童年啊
200,11.65900,滚动弹幕,25,0xffffff,0,84278fd2,31005865806397445,爷的青春啊！
201,15.58600,滚动弹幕,25,0xffffff,0,48caa5cc,30492281520783367,看看我发现了什么！
202,53.23000,滚动弹幕,25,0xffffff,0,c78dc0b4,30300161787297795,爱辽爱辽爱辽爱辽爱辽
203,6.10000,滚动弹幕,25,0xffffff,0,8e611e36,30124784636919815,沙僧实惨
204,43.82900,滚动弹幕,25,0xffffff,0,84836758,30047825837948933,大二了！！
205,40.41900,滚动弹幕,25,0xffffff,0,3954cfda,30045568730923015,都快忘了这部动漫了。。
206,74.60900,滚动弹幕,25,0xffffff,0,c7c4d1d6,30044364477038595,童年回忆
207,1.69100,滚动弹幕,25,0xffffff,0,99eeaeca,30042406409732099,看看发现了什么!
208,56.85800,滚动弹幕,25,0xffffff,0,6c272ea4,30029890977267715,00看过，但是好久没找到
209,61.45100,滚动弹幕,25,0xffffff,0,32c64fb0,30008222374428677,01的表示我老了
210,58.21900,滚动弹幕,25,0xffffff,0,3de75498,1017301053609114112,skrskr
211,9.82100,滚动弹幕,25,0xffffff,0,3a71517d,1011810485948921856,这个动画片笑死我了
212,15.72000,滚动弹幕,25,0xffffff,0,1cbb5477,1003469911059623936,怎么可能老我才十八
213,23.27100,滚动弹幕,25,0xffffff,0,ad2318f6,987088633728745472,童年的回忆
214,78.76200,滚动弹幕,25,0xffffff,0,bf247043,971757559556694016,童年回忆
215,10.18600,滚动弹幕,25,0xffffff,0,f6a18bf2,59634518431859712,看我找到了什么，我找到了我的童年
216,6.23900,滚动弹幕,25,0xffffff,0,d4526899,58750953680863744,牛皮，这也有
217,42.06500,滚动弹幕,25,0xffffff,0,76dc586c,58249327514364928,终于找到了
218,23.73900,滚动弹幕,25,0xffffff,0,ff11b16e,57356427090805248,看我发现了什么
219,78.20200,滚动弹幕,25,0xffffff,0,32c4cfb2,56937581573165568,00后的回忆
220,11.29800,滚动弹幕,25,0xffffff,0,8799db10,55667047540224000,终于找到这个了
221,51.44300,滚动弹幕,25,0xffffff,0,7c062dfb,55647259715705344,初代大唐Cyber
222,40.59700,滚动弹幕,25,0xffffff,0,cd499b8e,53525858768116736,给你三连
223,30.21900,滚动弹幕,25,0xffffff,0,2691be64,53139890678343168,终于找到了
224,27.21900,滚动弹幕,25,0xffffff,0,ed6b1477,52544386640642055,Dna动了！！
225,51.63300,滚动弹幕,25,0xffffff,0,2b93bc5,51841284940234755,爷青回！
226,80.77800,滚动弹幕,25,0xffffff,0,112bbed8,51484361675505671,skrskrskr~~~~~~~
227,4.17800,滚动弹幕,25,0xffffff,0,e023dae8,50976884267679747,ep好像是米兰的小铁匠
228,25.97100,底端弹幕,25,0x9843,0,6c8cd677,48619292667150341,好诗好诗啊
229,69.95000,滚动弹幕,25,0xffffff,0,dde40721,42413660590571527,艾泽拉斯哈哈哈
230,52.84000,滚动弹幕,25,0xffffff,0,c678ffa,41767541465939971,太惨了
231,90.47800,滚动弹幕,25,0xffffff,0,2da5721c,41186673939709955,跑遍了村子
232,60.56500,滚动弹幕,25,0xffffff,0,4d457199,40945839182446599,爷青回
233,87.74400,滚动弹幕,25,0xffffff,0,959594c7,40640682535157765,他真的真的想知道那首东欧的民谣和弦到底什么调
234,58.35600,滚动弹幕,25,0xffffff,0,f85ce3ba,37511232817201159,skr～
235,32.71900,滚动弹幕,25,0xffffff,0,6ea3e641,37029297669013509,终于找到了
236,62.67900,滚动弹幕,25,0xffffff,0,7f30e396,36756197306531843,爷青回
237,5.37900,滚动弹幕,25,0xffffff,0,34dd8066,36649711680094211,看看我发现了什么
238,21.54100,滚动弹幕,25,0xffffff,0,cebe7bd0,36190331237564421,我爱小破站
239,76.32100,滚动弹幕,18,0xffffff,0,7418cc4d,36163459842310151,爷青回
240,68.93900,滚动弹幕,25,0xffffff,0,a2f456fd,35927887934128131,都是00后？……
241,60.46200,滚动弹幕,25,0xffffff,0,d7474338,35667729847418885,三连
242,23.62900,滚动弹幕,25,0xffffff,0,fce1de68,35331155002130437,我以前可喜欢看了
243,30.47600,滚动弹幕,25,0xffffff,0,e6f09a2a,35240066423455749,哈哈哈哈童年
244,16.70500,滚动弹幕,25,0xffffff,0,58673ced,32612174735081479,童年！！！找到你了
245,23.45900,滚动弹幕,25,0xffffff,0,3cf4a9f3,31362282394484739,看我发现了什么
246,34.19200,滚动弹幕,25,0xffffff,0,3e625710,31265989760909319,改编？！？！
247,0.24300,滚动弹幕,25,0xffffff,0,2c1e09d0,31161452859490309,以前超喜欢的啊
248,18.36600,滚动弹幕,25,0xffffff,0,b566730f,30865602946007047,看看我发现了什么
249,6.11800,滚动弹幕,25,0xffffff,0,2a968dbc,30651247301230599,看看我发现了什么
250,30.41900,滚动弹幕,25,0xfef102,0,88168056,30571533436452867,我的童年啊！
251,82.22600,滚动弹幕,25,0xffffff,0,a0998b0,30165292631982085,04的回忆杀
252,14.67500,滚动弹幕,25,0xffffff,0,a3b7d8bd,30134698910416903,发现了宝贝
253,22.95600,滚动弹幕,25,0xffffff,0,905958a3,30125517922893829,破站牛逼
254,54.89900,滚动弹幕,25,0xffffff,0,587b5b5f,30084696917934085,看的是情怀
255,29.81900,滚动弹幕,25,0xffffff,0,41965400,30072763430993925,牛逼牛逼牛逼牛逼牛逼
256,66.26300,滚动弹幕,25,0xffffff,0,8c790c7e,30005585428086855,回忆啊
257,20.26300,滚动弹幕,25,0xffffff,0,2f81b235,1009526925909101568,看我发现了什么
258,16.27300,滚动弹幕,25,0xffffff,0,9927cbf4,1007217040169513984,小破站牛逼
259,20.58200,滚动弹幕,25,0xffffff,0,d67eb7b0,970304966670884864,，童年，童年。啊，我的童年!
260,88.29900,滚动弹幕,25,0xe2027f,0,353b16d2,58910864000584704,太爱了
261,4.50600,滚动弹幕,25,0xfef102,0,8720530d,57121527899906560,爷青回！！！！！！
262,70.83600,滚动弹幕,25,0xffffff,0,afcba0b3,56848746517394432,爷青回
263,54.31000,滚动弹幕,25,0xffffff,0,18a0c9ef,54214241731368960,爷青回
264,30.81900,滚动弹幕,25,0xffffff,0,f1032d18,53977900019032064,童年rap
265,85.18000,滚动弹幕,25,0xffffff,0,e5fdcb30,53862700507306496,DNA动了
266,35.64100,滚动弹幕,25,0xffffff,0,833ed2e0,53533122276067328,爷青回！！！
267,68.66800,滚动弹幕,25,0xffffff,0,dd6def17,53181184820387328,爷青回
268,10.61900,滚动弹幕,25,0xffffff,0,e3c3adb1,52558268065644547,还真就全集呗
269,73.84100,滚动弹幕,25,0xffffff,0,6d98adf7,49921587969261573,耶斯莫拉
270,83.74000,滚动弹幕,25,0xffffff,0,549aa801,48744719090974723,爷青回
271,31.59400,底端弹幕,25,0xe70012,0,26aaca61,48557214546788359,燃起来！
272,70.09200,底端弹幕,25,0xfe0302,0,2fc9c334,48435395222306823,阿弥陀佛
273,44.95300,滚动弹幕,25,0xffffff,0,b73dbf6b,45812921612107783,爷青回！
274,52.35200,滚动弹幕,25,0xffffff,0,51f12aa5,44267958100819971,爷青结
275,58.46600,滚动弹幕,25,0xffffff,0,20010114,44025896969961479,怀念
276,6.35400,滚动弹幕,25,0xffffff,0,126fb714,39159972343316483,哇！！！！！！！
277,23.22200,滚动弹幕,25,0xffffff,0,70e3de2,38737260114345991,童年回忆！！？
278,33.96800,滚动弹幕,25,0xffffff,0,8d372402,38364689884250119,童年，泪目
279,16.17800,滚动弹幕,25,0xffffff,0,eff667a6,37686078359470083,爷青回！爱死了！
280,22.84700,滚动弹幕,25,0xffffff,0,152aeece,37386807330471939,帅的呀皮
281,59.17400,滚动弹幕,25,0xffffff,0,8d75a01,35424841784885251,哈哈哈哈
282,33.01900,滚动弹幕,25,0xffffff,0,d8ee68f1,34017109792522243,中国有嘻哈
283,46.60100,滚动弹幕,25,0xffffff,0,f2195604,33809026357657605,童年！！！
284,11.70800,滚动弹幕,25,0xffffff,0,e5fdcb30,33632471023616007,看看我发现了什么
285,1.95900,滚动弹幕,25,0xffffff,0,4e1a8f03,33084299074863107,我也喜欢这个！
286,85.95900,滚动弹幕,25,0xffffff,0,9fbb4aea,32977116513435653,爱了爱了
287,23.43300,滚动弹幕,25,0xffffff,0,ca5987e2,32629813158608903,以前超爱看的
288,36.72300,滚动弹幕,25,0xffffff,0,c6309cfc,32371169224032263,经典
289,6.54700,滚动弹幕,25,0xffffff,0,4f02a900,32117845597356039,童年的回忆
290,8.15800,滚动弹幕,25,0xe70012,0,be22c147,31801310607572999,看我发现了什么
291,5.39900,滚动弹幕,25,0xffffff,0,68a1196d,31546313303130117,我发现了什么？
292,39.34900,滚动弹幕,25,0xffffff,0,ab0e1fb5,31320589262651399,童年！！！
293,67.61500,滚动弹幕,25,0xffffff,0,2123de8d,31021521027727367,哈哈哈哈
294,12.14800,滚动弹幕,25,0xffffff,0,82240b2a,30977212816031747,看看我发现了什么
295,22.80200,滚动弹幕,25,0xffffff,0,c9bec199,30904160864436229,童年啊，泪目
296,53.87900,滚动弹幕,25,0xffffff,0,1bb081b2,30708730195607559,03年我哭了
297,61.74100,滚动弹幕,25,0xffffff,0,11d2c1ed,30356615129464839,2020年来的
298,67.45600,滚动弹幕,25,0xffffff,0,ad1cff24,30344076015960069,不要挡字幕谢谢
299,53.87900,滚动弹幕,25,0xffffff,0,12a67ad0,30304931004022787,2020疫情期考古
300,48.60200,滚动弹幕,25,0xffffff,0,ab915389,30124639159582723,05表示已不知道几刷
301,20.77500,滚动弹幕,25,0xffffff,0,ff276edb,30098472908095495,好好听啊！！！！
302,34.30400,滚动弹幕,25,0xffffff,0,eb549344,30089798883999747,十几年了
303,26.03300,滚动弹幕,25,0xffffff,0,3f3c39f9,30071408250847239,爷的童年回来辣
304,41.86500,滚动弹幕,25,0xffffff,0,3ae873cc,30068502035431429,狼人狼人
305,9.37400,滚动弹幕,25,0xffffff,0,5dbe19bc,30051897735905287,看看我发现了什么？
306,42.14400,滚动弹幕,25,0xffffff,0,a6440e0a,30047392610385923,05表示很感动。
307,77.65900,滚动弹幕,25,0xffffff,0,93894f85,30046042387906563,07年都看过
308,36.45800,滚动弹幕,25,0xffffff,0,f1774a49,1024745077832075264,初代rap
309,5.45900,滚动弹幕,25,0xffffff,0,3e528cc8,1016121144539026432,爷青回！！！
310,1.12800,顶端弹幕,25,0xe70012,0,359af8f3,958863081091792896,我的青春！
311,43.69900,滚动弹幕,25,0xffffff,0,7e34f93a,58484633905090560,哈哈哈哈
312,3.37900,滚动弹幕,25,0xffffff,0,2fa2d84b,57801577850536448,终于找见你
313,0.00000,滚动弹幕,25,0xffffff,0,5516541e,54694187435148800,开头笑借鉴了京剧
314,10.02300,滚动弹幕,25,0xffffff,0,63f5b791,54219215716698112,童年回忆啊这个超搞笑
315,29.38700,滚动弹幕,25,0xffffff,0,83633b20,53844813513504256,找到了耶
316,23.16200,滚动弹幕,25,0xffffff,0,8fd4695f,53746957908402688,爷清回！
317,21.25900,滚动弹幕,25,0xffffff,0,cf8c0ba4,53158686649696256,我的最爱！
318,3.59900,滚动弹幕,25,0xffffff,0,bec98458,50880250206224387,看看发现了啥
319,33.57900,滚动弹幕,25,0xffffff,0,5d413f09,50757963034394627,爷童回
320,1.59800,滚动弹幕,25,0xffffff,0,ad04627d,49905663215140867,这不是爷的青春吗
321,30.73900,滚动弹幕,25,0xffffff,0,be9e4fba,49251405348208645,泪目爷青回
322,73.63900,滚动弹幕,25,0xffffff,0,46681b3,47764833703034887,八戒是Lisa榕配的
323,48.80600,滚动弹幕,25,0xffffff,0,5b421d28,47526087309131783,童年啊
324,55.30200,滚动弹幕,25,0xffffff,0,1dbe334f,44634159275573253,爷青回
325,10.10500,滚动弹幕,25,0xffffff,0,fd664642,44250404291608579,是我最喜欢的动画片之一了
326,34.81200,滚动弹幕,25,0xffffff,0,9810dbe,43738780798025735,青春啊
327,33.64900,滚动弹幕,25,0xffffff,0,10b8cd78,43457719222403077,童年啊童年 
328,30.19900,顶端弹幕,25,0xe70012,0,97362092,42960984521310213,童年啊
329,48.30800,滚动弹幕,25,0xffffff,0,d840f89d,42226299866447875,爷青回
330,78.32000,滚动弹幕,25,0xffffff,0,4a98ce1d,41557282674704391,哈哈哈
331,65.09300,滚动弹幕,25,0xffffff,0,aaa5a8db,41448917783019525,爺青回
332,20.51800,滚动弹幕,25,0xffffff,0,19e48f80,40314587147403269,爷真的青回！
333,40.95800,滚动弹幕,25,0xffffff,0,2530f471,39961765331599365,童年回
334,34.10800,滚动弹幕,25,0xffffff,0,25d06dfe,38508821645099013,童年啊！
335,39.05900,滚动弹幕,25,0xffffff,0,4303e793,37657963223056391,俺也一样
336,17.11500,滚动弹幕,25,0xffffff,0,b54c3694,37475497969451013,感谢up主！
337,54.54400,滚动弹幕,25,0xffffff,0,95c23579,37404765430218755,牛
338,41.97800,滚动弹幕,25,0xffffff,0,88c15f44,37289628738781187,童年啊
339,57.13800,滚动弹幕,25,0xfe0302,0,11436e3d,37114459062796293,泪目
340,52.15900,滚动弹幕,25,0xffffff,0,28e0fb39,35784068691394565,哈哈 
341,49.29900,滚动弹幕,25,0xffffff,0,d4974dd7,35513440817643525,好棒啊
342,3.49900,滚动弹幕,25,0xffffff,0,aa10c3c4,34663885756694535,俺的青春
343,73.29900,滚动弹幕,25,0xffffff,0,207fe01d,34022574337818627,00后的看过
344,40.97900,滚动弹幕,25,0xffffff,0,398045b2,33174047986548741,Skrskr
345,27.61900,滚动弹幕,25,0xffffff,0,c1d76230,33067971311566853,爷童回
346,20.16400,滚动弹幕,25,0xffffff,0,7b6fa73c,32428985303957507,草。童年！！！03的童年！
347,28.02600,滚动弹幕,25,0xffffff,0,2d9465c,32077808303865863,童年啊！
348,9.21900,顶端弹幕,25,0xffffff,0,68a1196d,31546319816360005,经典
349,37.57200,滚动弹幕,25,0xffffff,0,dcfd7aad,31403740638478339,哈哈哈哈哈
350,76.40000,滚动弹幕,25,0xffffff,0,efbb03ef,31212225551663109,03的童年
351,26.47300,滚动弹幕,25,0xffffff,0,b313fc1c,30980822952574981,童年！！！！
352,59.49500,滚动弹幕,25,0xffffff,0,32b56986,30962875458125827,04爱了
353,90.39200,滚动弹幕,25,0xffffff,0,e6078d85,30710373365579779,00年的回忆
354,83.00400,滚动弹幕,25,0xffffff,0,66cc8f98,30709936639442947,05哈哈哈哈
355,16.26400,滚动弹幕,25,0xffffff,0,9eb4cfab,30702981554896899,宝藏啊
356,21.47900,滚动弹幕,25,0xffffff,0,16b6fa0,30577716699332675,爱了爱了
357,74.05300,滚动弹幕,25,0xffffff,0,50eab6e9,30252266311122947,06的表示天天看
358,67.24500,滚动弹幕,25,0xffffff,0,8f4d2566,30180750884601863,艾泽拉斯？
359,13.32300,滚动弹幕,25,0xffffff,0,ee30d030,30130407282311171,看看我发现了啥？
360,48.55900,滚动弹幕,25,0xffffff,0,c0d0507c,30128970416521223,6年了啊
361,46.78300,顶端弹幕,25,0xe70012,0,dca2c958,30122815110250503,skr
362,59.78100,滚动弹幕,25,0xffffff,0,7f1d5c35,30077917782868039,04的报道
363,50.78000,滚动弹幕,25,0xffffff,0,7f1d5c35,30077913305448451,04点
364,42.99900,滚动弹幕,25,0xffffff,0,38676159,30054389402566661,skrskr
365,38.90000,滚动弹幕,25,0xffffff,0,498ce922,30051274088513541,有那味了
366,9.01300,滚动弹幕,25,0xffffff,0,84836758,30047807634669575,超喜欢！！！！！
367,90.21500,滚动弹幕,25,0xffffff,0,9cce84b1,1024700937480072192,回忆啊
368,12.41000,滚动弹幕,25,0xffffff,0,a2438208,1013188804539941376,爷青回！！！！！！
369,37.97900,滚动弹幕,25,0xffffff,0,dc1dcd6a,992172796727001088,真不错
370,53.58100,滚动弹幕,25,0xffffff,0,18c8371f,988270770529378304,泪目
371,42.71500,滚动弹幕,25,0xffffff,0,ac250771,972748162699870208,泪目
372,9.53800,滚动弹幕,25,0x683a7b,0,533a98ea,965732155876777984,牛逼牛逼太牛逼了
373,8.60700,滚动弹幕,25,0xffffff,0,1b0d074a,58324543180340736,我发现了什么
374,4.17900,滚动弹幕,25,0xffffff,0,f5068484,56439109667013120,经典啊
375,51.33700,滚动弹幕,25,0xffffff,0,cc482292,54988945731482112,谢谢up
376,88.99200,滚动弹幕,25,0xffffff,0,ce2829bf,54805088424180224,吴签时代考古
377,72.64400,滚动弹幕,25,0xffffff,0,306ca0dc,54717924009275904,八戒是榕榕姐配的音
378,38.80000,滚动弹幕,25,0xffffff,0,330edf0b,53583152317763584,哈哈
379,31.19900,滚动弹幕,25,0xffffff,0,675dadba,52553889190248455,我爱你up主！！！
380,8.89900,滚动弹幕,25,0xffffff,0,c130c87d,50476605642375171,超喜欢！！！！！爱了爱了爱了爱了爱了
381,41.89900,滚动弹幕,25,0xffffff,0,fbbf09c3,49527192597037063,赞赞赞赞赞
382,68.11900,滚动弹幕,25,0xffffff,0,3569aa6b,45724607855460355,skr
383,85.33900,滚动弹幕,25,0xffffff,0,56e1ed51,44042686879498243,好酷
384,24.79700,滚动弹幕,25,0xffffff,0,8c3cb32b,43666008000954371,牛逼
385,84.47400,滚动弹幕,25,0xffffff,0,82199d20,43584823798267909,爷青回
386,27.07800,滚动弹幕,25,0xffffff,0,ece170c6,43278832012099589,爷的童年
387,27.26800,滚动弹幕,25,0xe70012,0,c8d9b9de,42276402205032451,up牛逼！！
388,17.75700,滚动弹幕,25,0xffffff,0,340c6fb0,42063627050024967,牛逼
389,66.36700,滚动弹幕,25,0xffffff,0,cea377ca,41846407928217605,谢谢？
390,5.29700,滚动弹幕,25,0xffffff,0,b3252b6e,41420901112086535,哎呀妈呀
391,24.90500,滚动弹幕,25,0xffffff,0,abf5461e,40924182294298631,爷童回
392,29.28700,滚动弹幕,25,0xfe0302,0,624fa11c,40684756794867717,童年啊
393,21.21600,滚动弹幕,25,0xffffff,0,dbd4355a,40599020954976263,酷啊
394,5.73900,滚动弹幕,25,0xe70012,0,d108ba3,40235399892172803,童年啊！
395,71.23000,滚动弹幕,25,0xffffff,0,c484485f,39191569835753479,uh
396,43.08300,滚动弹幕,25,0xffffff,0,a53a3ae4,39188999639138311,爷青回
397,5.04200,滚动弹幕,25,0xffffff,0,219c3f84,37464181865709573,牛逼
398,46.57400,滚动弹幕,25,0xffffff,0,8539e35,37153651917062151,skr
399,33.58400,滚动弹幕,25,0xffffff,0,1ef56a7d,36560803132342277,我的童年啊
400,21.87800,滚动弹幕,25,0xffffff,0,b65184fe,35600962258206723,童年回忆啊
401,21.25900,滚动弹幕,25,0xffffff,0,3addbadf,35388253883858947,牛逼
402,40.25900,滚动弹幕,25,0xffffff,0,66698c68,34038725531402243,爷青回
403,6.41900,滚动弹幕,25,0xffffff,0,2227eca3,33860748046237699,先三连再说
404,69.70900,滚动弹幕,25,0xffffff,0,9fbb4aea,32977104306438151,02的我超爱
405,37.74500,滚动弹幕,25,0xffffff,0,53867e19,32708309681700867,2020考古队
406,72.21400,滚动弹幕,25,0xffffff,0,60586e57,32696716948930565,为了艾泽拉斯
407,1.95900,滚动弹幕,25,0xffffff,0,710be878,32561609941975045,爷的童年
408,44.65900,滚动弹幕,25,0xffffff,0,dbc98c47,32522492389621763,太燃了
409,39.36800,滚动弹幕,25,0xffffff,0,44b5110,31570227057655815,中国话？
410,82.21700,滚动弹幕,25,0xffffff,0,d09430fe,31351015363575815,2020年考古
411,35.22900,滚动弹幕,25,0xffffff,0,b601fc6a,31109606169640963,帅！！！
412,17.50000,滚动弹幕,25,0xffffff,0,325fa8da,30504991046238211,牛逼
413,37.73900,滚动弹幕,25,0xa0ea,0,277e6416,30267208903426051,泪目
414,59.09800,滚动弹幕,25,0xffffff,0,94d5eb5b,30086028257656835,05来也！
415,71.68100,滚动弹幕,25,0xffffff,0,67aeff82,30057251231236101,97
416,56.55000,滚动弹幕,25,0xffffff,0,2444cbc9,30043839405228037,3报道
417,20.22500,滚动弹幕,25,0xffffff,0,62efb4f4,30042007693950983,童年回忆
418,60.04200,滚动弹幕,25,0xffffff,0,2d7be861,30039821630046211,05报道
419,31.31500,滚动弹幕,25,0xffffff,0,60cb44bf,30025355011031045,爱死这个OP了~
420,16.58000,滚动弹幕,25,0xffffff,0,a97fbfb0,1024560316266155008,爷青回
421,3.51600,滚动弹幕,25,0xffffff,0,be150bb1,1019546497223773184,爷青回
422,10.19800,滚动弹幕,25,0xffffff,0,1fa5ac8b,1016399738137910272,哈哈哈！
423,7.94600,滚动弹幕,25,0xffffff,0,a539159e,1016361062326375424,我的童年
424,14.72500,滚动弹幕,25,0xffffff,0,cc1dc70,1015249182048617472,爷青回
425,21.99900,滚动弹幕,25,0xffffff,0,1c11af5e,1009246569058290176,哈哈哈
426,5.73900,滚动弹幕,25,0xffffff,0,9140ac51,1002742896878729728,爷青回
427,22.42200,顶端弹幕,25,0xe70012,0,f9526f2e,986297764426547200,須看西遊釋厄傳
428,3.84000,顶端弹幕,25,0xe70012,0,4110c2f7,59324634828932608,全体起立
429,8.45900,滚动弹幕,25,0xffffff,0,abc1a415,56932720985164800,爷的童年！
430,21.95200,滚动弹幕,25,0xffffff,0,91e3d5d5,54671411985999360,我的宝贝
431,90.21600,滚动弹幕,25,0xffffff,0,7aced8e1,53489823214962688,吴签时代前来考古
432,28.59900,滚动弹幕,25,0xffffff,0,56ee7d70,52914394371194883,呜呜呜呜激动
433,2.48000,滚动弹幕,25,0xffffff,0,710be878,49891084649103367,爷靑回
434,29.21900,滚动弹幕,25,0xffffff,0,4275b984,49881953262895111,童年啊
435,28.77900,滚动弹幕,25,0xffffff,0,4629c572,48764529469816839,爷青回!
436,0.24000,滚动弹幕,25,0xffffff,0,9b09874f,48034000375644167,、、【‘】【=】’、
437,21.85900,滚动弹幕,25,0xffffff,0,e0584d52,47926156099321859,哇塞
438,21.52300,滚动弹幕,25,0xffffff,0,6dd02f1,47037874479038471,爷青回
439,26.01100,滚动弹幕,25,0xffffff,0,49eac5d6,45639448343871495,爷青回！
440,22.19200,滚动弹幕,25,0xffffff,0,4a06bb7b,43304716747669509,需看西游释厄传
441,55.96500,顶端弹幕,25,0xe70012,0,93794eb2,39727112846311431,帅帅帅帅帅帅帅帅帅帅帅帅帅帅帅帅帅帅帅帅帅帅帅帅帅帅
442,42.04200,滚动弹幕,25,0xffffff,0,58ad0714,37281840398073859,啊啊
443,21.32200,滚动弹幕,25,0xffffff,0,16489ec5,36385548188778503,哈哈哈
444,20.98600,滚动弹幕,25,0xffffff,0,a1592019,34466821899288583,我的妈呀
445,33.44400,滚动弹幕,25,0xffffff,0,dba75db9,32583471564062725,童年啊
446,65.66500,滚动弹幕,25,0xffffff,0,11f31074,32168318793154567,00泪目
447,13.24800,滚动弹幕,25,0xffffff,0,f38216c9,32020634913996803,(>_<)竟然有
448,26.69800,滚动弹幕,25,0xffffff,0,c2107f40,31564062596792327,童年啊
449,24.22100,滚动弹幕,25,0xffffff,0,4212b018,31189043387039751,凌晨来追童年
450,72.20200,滚动弹幕,25,0xffffff,0,a1f779fa,31166485841838087,05看过
451,90.58100,滚动弹幕,25,0xffffff,0,62e5e3a9,30862310319849479,2020疫情考古
452,32.11400,滚动弹幕,25,0xffffff,0,1580aecf,30760046259863555,童年啊
453,80.86000,滚动弹幕,25,0xffffff,0,7e276a0e,30358234554957831,我都20了
454,13.69900,滚动弹幕,25,0xffffff,0,59c75411,30232691144130565,爱了爱了
455,72.43700,滚动弹幕,25,0xffffff,0,509390e2,30185512324562947,04看过
456,48.83400,滚动弹幕,25,0xffffff,0,615068c4,30129676096110599,谢谢up
457,77.23900,滚动弹幕,25,0xffffff,0,709dcceb,30092650290348039,01
458,58.82000,滚动弹幕,25,0xffffff,0,cd3f325,30092270550646789,06
459,51.24700,滚动弹幕,25,0xffffff,0,d89c4876,30073556367835139,05
460,0.29100,滚动弹幕,25,0xffffff,0,99eeaeca,30042398217732099,! ! ! ! !
461,14.75700,滚动弹幕,25,0xffffff,0,171a4e1c,1022993222563288064,呜呜呜
462,11.61900,滚动弹幕,25,0xffffff,0,4bf846d2,1001596863381844480,童年！
463,35.54800,滚动弹幕,25,0xffffff,0,ed327725,45427983060041735,泪目了
464,26.57900,滚动弹幕,25,0xffffff,0,384a1d2c,44625991208271877,爷青回
465,28.29700,滚动弹幕,25,0xffffff,0,a754793f,39061921228914691,爷青回
466,28.13700,滚动弹幕,25,0xffffff,0,92d45727,35758691413655557,童年最爱
467,0.80800,滚动弹幕,25,0xffffff,0,5e6de927,32391355795767299,秦昕瑜在吗
468,66.45100,滚动弹幕,25,0xffffff,0,70e1e10a,31758083336175621,02的
469,26.97900,滚动弹幕,25,0xffffff,0,664d73b9,31006883068248067,要哭了
470,33.22800,滚动弹幕,25,0xffffff,0,c9bec199,30904166315982855,04的童年
471,35.01900,滚动弹幕,25,0xffffff,0,bfd9e8eb,30886622079221767,童年呀
472,31.11900,滚动弹幕,25,0xffffff,0,76105bc9,30182620774531077,哇啊啊
473,89.50000,滚动弹幕,25,0xffffff,0,eb88fd58,30114752218791941,小2到高2
474,66.30800,滚动弹幕,25,0xffffff,0,94067290,30088424722006019,04
475,66.00000,滚动弹幕,25,0xffffff,0,7992dcae,30068526365540359,02
476,85.23900,滚动弹幕,25,0xffffff,0,3954cfda,30045600110608389,02年路过
477,74.54700,滚动弹幕,25,0xffffff,0,3db9d7dd,1010234847542723072,请问各位麻麻去世的时间的多少呀~
478,15.49900,顶端弹幕,25,0xe70012,0,f9526f2e,986296245258051584,開闢從茲清濁辯
479,17.81900,滚动弹幕,25,0xffffff,0,3d8d28e2,955667683025149952,看我发现了什么好东西！
480,2.95900,滚动弹幕,25,0xe2027f,0,353b16d2,58910815849470464,看我发现了什么好东西
481,59.43100,滚动弹幕,25,0xe70012,0,bb4a8423,54738822791123456,沙老三最惨
482,2.15800,滚动弹幕,25,0xffffff,0,68db748c,54390510182722560,童年
483,9.38800,滚动弹幕,25,0xffffff,0,5d170b7d,53918162632337920,导致我这么怀念童年，你有不可推卸的责任。
484,36.97800,滚动弹幕,25,0xffffff,0,47a94666,53267466203572224,童年啊，甄好遇上这么多同好
485,44.13400,滚动弹幕,25,0xffffff,0,709c3d2f,52947867371307015,rap
486,21.21900,滚动弹幕,25,0xffffff,0,73a59149,51842048249036805,老了老了
487,42.92900,滚动弹幕,25,0xffffff,0,41de368a,51421356284706823,记得这个大腹便便
488,41.89300,滚动弹幕,25,0xffffff,0,707ccb60,50522374232080389,童年
489,53.57900,滚动弹幕,25,0xffffff,0,38e10308,49600622436548611,童年
490,82.56200,滚动弹幕,25,0xffffff,0,68cb0f81,49387773484335111,都是00后嘛就我一个90后老阿姨吗
491,34.68400,底端弹幕,25,0xfe0302,0,2fc9c334,48435248960634883,事态模糊有谁能清楚
492,41.91200,滚动弹幕,25,0xffffff,0,e88604ad,48079922883198979,这个算不算rap？
493,1.08500,滚动弹幕,25,0xffffff,0,5688daa3,47352111076212739,哦我的上帝瞧瞧我发现了什么
494,14.73300,滚动弹幕,25,0xffffff,0,c0d3c4c4,45755759302541315,看看我发现了什么大宝贝！
495,41.97900,顶端弹幕,25,0xffffff,0,84d2c777,44853858072002563,去rip
496,56.79200,滚动弹幕,25,0xffffff,0,9d024658,44669795836100611,童年
497,55.01900,滚动弹幕,25,0xffffff,0,5f7d6da8,44224111681994759,唐僧老猥琐了
498,2.69300,滚动弹幕,25,0xffffff,0,8b797da4,43998542721712135,嘿！瞧瞧我看见了什么
499,48.63900,滚动弹幕,25,0xffffff,0,1c32af1e,43010056610381827,rap
500,22.67700,滚动弹幕,25,0xffffff,0,397395fd,42771845748359173,这是rap吗
501,83.39900,滚动弹幕,25,0xffffff,0,6922fd69,41937305802375173,米兰的小铁匠！！！！！周董！
502,1.29700,滚动弹幕,25,0xffffff,0,9c7a940c,41782569286500359,细说不是胡说，改编不是乱编
503,26.34000,滚动弹幕,25,0xffffff,0,fc6666e0,40971339410440197,好湿好湿
504,40.26500,滚动弹幕,25,0xffffff,0,ba45f8a,40267810846801925,童年  泪目
505,38.77000,滚动弹幕,25,0xffffff,0,49c8fc79,39357651510886403,嘻哈启蒙
506,64.01000,滚动弹幕,25,0xffffff,0,208b763b,38970449836638211,工具人沙僧
507,38.98500,滚动弹幕,25,0xffffff,0,96de31f9,37802069660270599,吴亦凡退出直播间
508,64.46800,滚动弹幕,25,0xffffff,0,a1d7c797,37391073334001671,教皇？
509,37.96000,滚动弹幕,25,0xffffff,0,58ad0714,37281838477606915,老子的童年
510,33.89000,顶端弹幕,25,0xe70012,0,97a0a3d1,37055337620570179,觉得这个版的猴子挺帅的
511,36.77900,滚动弹幕,25,0xffffff,0,6ea3e641,37029304421318663,欲知后事如何
512,58.80600,滚动弹幕,25,0xe70012,0,fbef69c6,36887761063510023,工具人沙老三
513,84.54000,滚动弹幕,25,0xfe0302,0,17bd8a36,36432551604649989,真的童年
514,18.08700,滚动弹幕,25,0xffffff,0,eaf726bd,36368890521452549,逝去的童年，违背的青春。
515,63.17500,滚动弹幕,25,0xffffff,0,676d0a99,36341989385437191,这特么才是rap
516,29.95100,滚动弹幕,25,0xffffff,0,1d85976d,36205781871230983,夜爱了
517,13.13900,顶端弹幕,25,0xe70012,0,8edbbaa0,35614403064233991,谢罪警告
518,80.21300,滚动弹幕,25,0xffffff,0,248ba397,35480270733312005,老了
519,70.42700,滚动弹幕,25,0xffffff,0,44fa4ff,35418672331227143,童年
520,47.43100,滚动弹幕,25,0xffffff,0,e9a529b2,35331629164527623,吃饱喝足去
521,37.20300,滚动弹幕,25,0xffffff,0,5e4e6f3f,35213852022931459,看看这rap
522,64.50300,滚动弹幕,25,0xffffff,0,bba82c75,35100544813498371,不应该是搞猪八戒的吗？。。。
523,27.18900,滚动弹幕,25,0xffffff,0,f8daa39d,34574540432474117,我的dna起反应了
524,62.86400,滚动弹幕,25,0xffffff,0,6572ecfa,34441046488776711,童年
525,90.45700,顶端弹幕,25,0xfef102,0,182870c1,34263046031409159,精光寺
526,42.76100,滚动弹幕,25,0xffffff,0,3deae104,34082649356632071,吴挨打
527,74.04100,滚动弹幕,25,0xffffff,0,e926f1bb,33016498001805319,这真的是沙雕之源
528,11.78000,滚动弹幕,25,0xffffff,0,c26da8bc,32203028948844551,老子的童年
529,87.89000,滚动弹幕,25,0xff9999,0,11f31074,32168330443358215,漂亮
530,51.14000,滚动弹幕,25,0xffffff,0,a3448d78,31996434052546567,童年
531,37.81900,滚动弹幕,25,0xffffff,0,e0ef3a0a,31899293050732547,黑黑
532,50.24300,滚动弹幕,25,0xffffff,0,e4aaa04c,31812766979325957,童年
533,61.78000,滚动弹幕,25,0xfef102,0,feaf4d4e,31767105282506759,蛋黄的长裙
534,5.35100,滚动弹幕,25,0xffffff,0,c2107f40,31564051467730951,我找到了什么
535,4.73600,滚动弹幕,25,0xffffff,0,d8d53747,31457162821107715,干的漂亮
536,45.70600,滚动弹幕,25,0xffffff,0,e2324198,31449494595305475,童年
537,10.59700,滚动弹幕,25,0xffffff,0,9b59a0ce,31435350484713477,这都有，我的妈
538,9.13900,滚动弹幕,25,0xffffff,0,4ff16226,31277295007694853,沙雕的开端
539,58.33400,滚动弹幕,25,0xffffff,0,6b49753a,31260181258043395,童年
540,53.74900,顶端弹幕,25,0xcc0273,0,139e16a,31222581566636035,我沙雕的根源啊
541,63.09900,滚动弹幕,25,0xe70012,0,e69e8767,31121076241563655,这个rap 绝了
542,51.49900,滚动弹幕,25,0xffffff,0,e2d11700,31065875046989829,黑人来抬棺了
543,2.83900,滚动弹幕,25,0xffffff,0,7e2e8c53,30982478431256579,童年
544,51.89900,滚动弹幕,25,0xffffff,0,bb7de6c,30951405134020613,童年
545,62.99200,滚动弹幕,25,0xffffff,0,75a55505,30907596499058695,鸡你太美
546,5.66400,顶端弹幕,25,0xffff00,0,78a2e3d7,30885765503254531,我沙雕的开始
547,27.95900,滚动弹幕,25,0xffffff,0,1ab3ebdf,30878090152378375,哦上帝，瞧瞧我找到了啥
548,40.56900,顶端弹幕,25,0xfef102,0,87143d06,30682199002447879,淡黄的长裙，蓬松的头发
549,57.29200,滚动弹幕,25,0xffffff,0,ffabb06e,30504682989289479,吴亦凡进来学rap
550,19.73900,滚动弹幕,25,0xffffff,0,ad8b8e76,30436460879413251,看我发现的大宝贝
551,82.27900,滚动弹幕,25,0xffffff,0,f44fb1b5,30406602108436483,精光寺
552,54.63500,滚动弹幕,25,0xffffff,0,96fab75f,30400637505634309,洗脑
553,76.56600,滚动弹幕,25,0xffffff,0,f79def17,30390688351256583,老了啊
554,54.21600,滚动弹幕,25,0xffffff,0,f225dc5b,30345683557416965,工具人沙僧
555,21.09600,滚动弹幕,25,0xffffff,0,11e577a0,30345674137010179,童年
556,80.78500,滚动弹幕,25,0xffffff,0,f4ed092c,30143758190247943,上海的沙雕片真不少
557,36.41700,滚动弹幕,25,0xffffff,0,d3e6674b,30120598640263171,4岁看的
558,66.91900,滚动弹幕,25,0xffffff,0,2bb978af,30097134850670595,猪八戒是个女的配的音
559,63.31900,滚动弹幕,25,0xffffff,0,229a1992,30088875232198663,教皇？
560,7.41300,滚动弹幕,25,0xffffff,0,8aa52293,30059264344064007,温故而知新
561,56.13900,滚动弹幕,25,0xffffff,0,5580238f,30048751171665927,太TM经典了
562,32.85900,滚动弹幕,25,0xffffff,0,1cd97d3d,30047288119787523,是个狼人
